,age,blood,car,constellation,education,ethnic,height,house,id,js_age,js_education,js_ethnic,js_height,js_location,js_marriaged,js_member,js_photo,location,marriaged,membership,nickname,salary,shengxiao,weight
0,23岁,B型,已经购车,水瓶座,大专,汉族,170cm,暂未购房,162959701,18-26岁之间,不限,不限,160-166厘米 *,浙江,未婚,不限,有照片,绍兴,未婚,普通会员,在贺兰山赞许的果汁,2000～5000元,鸡,55公斤
1,26岁,--,--,双子座,本科,--,170cm,--,112100109,18-25岁之间,大专或以上,不限,155-170厘米,浙江绍兴,未婚,不限,有照片,绍兴,未婚,普通会员,五月青岛,2000～5000元,羊,--
2,25岁,--,--,天秤座,本科,--,176cm,--,160647395,18-25岁之间,不限,不限,155-170厘米,浙江,未婚,不限,有照片,绍兴,未婚,普通会员,jamey,5000～10000元,猴,--
3,27岁,--,--,天秤座,高中中专及以下,--,180cm,--,169151841,18-27岁之间,不限,不限,155-170厘米,浙江,未婚,不限,有照片,绍兴,未婚,普通会员,千枫舞九天,20000～50000元,马,--
4,24岁,--,--,狮子座,高中中专及以下,--,168cm,--,169334527,18-30岁之间,高中中专及以下或以上,不限,158-175厘米,浙江绍兴,不限,不限,有照片,绍兴,未婚,普通会员,在希腊体贴的访烟,2000～5000元,鸡,--
5,30岁,--,--,双子座,本科,--,177cm,--,161436322,25-31岁之间,不限,不限,160-170厘米,不限,未婚,不限,有照片,绍兴,未婚,普通会员,无畏悲伤,5000～10000元,兔,--
6,26岁,--,--,魔羯座,本科,--,175cm,--,168975577,18-30岁之间,大专或以上,不限,158-175厘米,浙江绍兴,不限,不限,有照片,绍兴,未婚,普通会员,在黄鹤楼标致的姜,2000～5000元,马,--
7,24岁,--,--,天蝎座,高中中专及以下,--,165cm,--,164346258,18-24岁之间,不限,不限,156-165厘米,浙江绍兴,不限,不限,有照片,绍兴,未婚,普通会员,在龙泉山善变的紫真,5000～10000元,猴,--
8,27岁,--,--,魔羯座,本科,--,166cm,--,161330502,20-28岁之间,本科,不限,155-170厘米,浙江绍兴,未婚,不限,有照片,绍兴,未婚,普通会员,油头小光棍,5000～10000元,蛇,--
9,28岁,--,--,双鱼座,本科,--,172cm,--,169146503,18-28岁之间,不限,不限,155-170厘米,浙江,未婚,不限,有照片,绍兴,未婚,普通会员,热带雨琳,20000～50000元,蛇,--
10,31岁,--,--,金牛座,大专,--,170cm,--,169376023,24-32岁之间,不限,不限,155-170厘米,浙江绍兴,不限,不限,不限,绍兴,未婚,普通会员,单身汪,5000～10000元,虎,--
11,21岁,--,--,双子座,高中中专及以下,--,178cm,--,161116364,18-30岁之间,高中中专及以下,不限,158-175厘米 *,不限,未婚 *,不限,有照片,绍兴,未婚,普通会员,人贩子,2000～5000元,鼠,--
12,28岁,B型,--,巨蟹座,本科,汉族,170cm,与父母同住,90895814,20-25岁之间,高中中专及以下,不限,155-170厘米,浙江,未婚,不限,有照片,绍兴,未婚,普通会员,yi個人ˇ演獨角戲┨,5000～10000元,蛇,--
13,25岁,B型,暂未购车,白羊座,高中中专及以下,汉族,170cm,已购住房,94850135,18-21岁之间,不限,不限,155-170厘米,浙江绍兴,未婚,不限,有照片,绍兴,未婚,普通会员,李春林,2000～5000元,猴,--
14,24岁,--,--,双子座,本科,--,180cm,--,161425788,18-25岁之间,不限,不限,155-170厘米,浙江绍兴,不限,不限,不限,绍兴,未婚,普通会员,Crooked,10000～20000元,鸡,--
15,31岁,保密,暂未购车,双鱼座,本科,汉族,180cm,暂未购房,130414731,22-27岁之间,大专,不限,155-170厘米,浙江绍兴,未婚,不限,有照片,绍兴,未婚,普通会员,阿笙,2000～5000元,虎,--
16,28岁,O型,暂未购车,天秤座,高中中专及以下,汉族,170cm,独自租房,81386016,22-30岁之间,不限,不限,158-170厘米,浙江,未婚,星级会员,有照片,绍兴,未婚,普通会员,123木头人,2000～5000元,蛇,62公斤
17,23岁,--,--,双子座,大专,--,170cm,--,95796862,18-20岁之间,不限,不限,158-165厘米,浙江,未婚,不限,有照片,绍兴,未婚,普通会员,如果,2000～5000元,狗,--
18,26岁,A型,暂未购车,处女座,大专,汉族,167cm,已购房（有贷款）,125534074,20-29岁之间,不限,不限,155-170厘米,浙江绍兴,未婚,不限,有照片,绍兴,未婚,普通会员,幸福,2000～5000元,羊,52公斤
19,25岁,--,--,天蝎座,高中中专及以下,汉族,165cm,--,52367172,18-25岁之间,不限,不限,155-163厘米,浙江绍兴,未婚,不限,有照片,绍兴,未婚,普通会员,洪灿军,2000～5000元,羊,--
20,29岁,其它,已经购车,水瓶座,本科,汉族,163cm,住单位房,115436336,21-30岁之间,不限,不限,155-165厘米,浙江绍兴,未婚,不限,有照片,绍兴,未婚,普通会员,绍兴,5000～10000元,兔,62公斤
21,29岁,--,--,白羊座,高中中专及以下,--,180cm,--,161066603,18-28岁之间,不限,不限,155-170厘米,浙江,未婚,不限,有照片,绍兴,离异,普通会员,袁强,5000～10000元,龙,--
22,25岁,--,已购车（经济型）,白羊座,高中中专及以下,汉族,180cm,与父母同住,159629268,21-26岁之间,不限,不限,155-170厘米,浙江绍兴,未婚,不限,有照片,绍兴,未婚,普通会员,郭大侠,5000～10000元,猴,70公斤
23,23岁,--,--,天蝎座,本科,--,178cm,--,154508542,18-30岁之间,大专,不限,158-175厘米,浙江绍兴,不限,不限,有照片,绍兴,未婚,普通会员,佳缘会员,2000～5000元,鸡,--
24,22岁,--,--,射手座,高中中专及以下,--,180cm,--,151075706,18-23岁之间,不限,不限,155-170厘米,浙江绍兴,不限,不限,不限,绍兴,未婚,普通会员,爱吃番茄的馒头,5000～10000元,狗,--
25,26岁,保密,暂未购车,魔羯座,高中中专及以下,汉族,167cm,暂未购房,151991115,18-25岁之间,不限,汉族,155-170厘米,重庆,未婚,不限,有照片,绍兴,未婚,普通会员,无情,5000～10000元,马,--
26,24岁,--,--,射手座,大专,--,172cm,--,151247136,20-23岁之间,不限,不限,155-170厘米,不限,未婚,不限,有照片,绍兴,未婚,普通会员,偏偏君子,2000～5000元,猴,--
27,25岁,--,--,双子座,本科,--,170cm,--,153740913,18-28岁之间,大专,不限,158-175厘米,浙江绍兴,不限,不限,有照片,绍兴,未婚,普通会员,豆奶,5000～10000元,猴,--
28,27岁,A型,暂未购车,水瓶座,硕士,汉族,170cm,与父母同住,124314575,20-29岁之间,本科,不限,155-180厘米,不限,未婚,不限,有照片,绍兴,未婚,高级会员,石头,5000～10000元,蛇,60公斤
29,26岁,保密,--,水瓶座,大专,汉族,172cm,--,158751683,18-26岁之间,不限,不限,155-170厘米 *,浙江绍兴,未婚,不限,不限,绍兴,未婚,普通会员,浮华€伤,5000～10000元,马,78公斤
30,25岁,AB型,暂未购车,天秤座,本科,汉族,172cm,已购住房,148144665,20-23岁之间,本科,不限,160-165厘米,浙江,未婚,星级会员,有照片,绍兴,未婚,普通会员,吴,5000～10000元,猴,62公斤
31,28岁,A型,暂未购车,巨蟹座,本科,汉族,168cm,已购住房,151682598,18-27岁之间,不限,不限,158-168厘米,浙江绍兴,不限,星级会员,有照片,绍兴,"离异,有小孩归自己",普通会员,飞哥哥,5000～10000元,蛇,--
32,22岁,--,--,双子座,高中中专及以下,--,175cm,--,152081673,18-30岁之间,高中中专及以下或以上,不限,158-175厘米,浙江绍兴,不限,不限,有照片,绍兴,未婚,普通会员,男婶,2000～5000元,猪,--
33,23岁,--,--,白羊座,本科,--,176cm,--,144271558,18-25岁之间,不限,不限,155-170厘米,浙江绍兴,不限,不限,不限,绍兴,未婚,普通会员,George,5000～10000元,狗,--
34,29岁,--,--,双子座,高中中专及以下,--,170cm,--,150457870,18-30岁之间,高中中专及以下或以上,不限,158-175厘米,浙江绍兴,不限,不限,有照片,绍兴,未婚,普通会员,心锁,2000～5000元,龙,--
35,29岁,--,--,双子座,本科,--,168cm,--,152691515,18-30岁之间,大专或以上,不限,158-175厘米,浙江绍兴,不限,不限,有照片,绍兴,未婚,普通会员,075,2000～5000元,龙,--
36,19岁,A型,暂未购车,魔羯座,高中中专及以下,汉族,168cm,暂未购房,143704997,22岁以下,不限,不限,160-165厘米 *,浙江绍兴,未婚,不限,有照片,绍兴,未婚,普通会员,盼锋,2000～5000元,牛,60公斤
37,25岁,A型,暂未购车,白羊座,本科,汉族,175cm,暂未购房,156859336,18-26岁之间,不限,汉族,155-165厘米,不限,未婚、离异,不限,有照片,绍兴,未婚,普通会员,无奈,10000～20000元,猴,--
38,23岁,A型,暂未购车,巨蟹座,高中中专及以下,汉族,175cm,已购房（无贷款）,137318425,18-30岁之间,不限,不限,155-180厘米 *,不限,未婚,不限,有照片,绍兴,未婚,普通会员,随风飘落,5000～10000元,狗,--
39,27岁,A型,--,双鱼座,高中中专及以下,汉族,170cm,暂未购房,119405231,18-24岁之间,不限,不限,155-170厘米,浙江,未婚,不限,有照片,绍兴,未婚,普通会员,孤独,5000～10000元,马,--
40,25岁,O型,已购车（经济型）,射手座,大专,汉族,174cm,与父母同住,159986580,18-25岁之间,不限,不限,160-170厘米 *,浙江绍兴,未婚,不限,有照片,绍兴,未婚,普通会员,escape,5000～10000元,羊,--
41,30岁,A型,暂未购车,狮子座,大专,汉族,168cm,已购住房,154735162,18-28岁之间,不限,不限,155-170厘米,浙江,未婚,不限,有照片,绍兴,未婚,普通会员,倾城,5000～10000元,兔,--
42,25岁,O型,已经购车,双鱼座,大专,汉族,180cm,与父母同住,156146481,20-25岁之间,高中中专及以下,不限,158-175厘米 *,浙江绍兴,未婚 *,不限,有照片,绍兴,未婚,普通会员,桥子丹,2000～5000元,猴,75公斤
43,21岁,--,已购车（经济型）,天蝎座,高中中专及以下,汉族,172cm,已购房（有贷款）,154000116,18-24岁之间,不限,不限,158-175厘米,不限,不限,不限,有照片,绍兴,未婚,普通会员,命運不甚浮华,2000～5000元,猪,--
44,26岁,--,已购车（豪华型）,魔羯座,本科,--,167cm,与父母同住,158023841,23-25岁之间,本科,不限,155-166厘米,浙江绍兴,未婚,不限,有照片,绍兴,未婚,普通会员,jin良,5000～10000元,马,--
45,31岁,--,--,狮子座,高中中专及以下,--,170cm,--,125316829,18-30岁之间,不限,不限,158-168厘米,浙江绍兴,未婚,不限,有照片,绍兴,未婚,普通会员,向彬,5000～10000元,虎,--
46,21岁,保密,暂未购车,天蝎座,高中中专及以下,汉族,173cm,与父母同住,161695581,19-23岁之间,高中中专及以下,不限,160-170厘米 *,浙江绍兴,未婚 *,不限,有照片,绍兴,未婚,普通会员,善良的南春在码头,2000～5000元,猪,56公斤
47,24岁,--,--,--,大专,--,165cm,--,77471534,18-25岁之间,不限,不限,160-170厘米,浙江,未婚,不限,有照片,绍兴,未婚,普通会员,小胖,2000元以下,猴,150公斤
48,29岁,A型,暂未购车,天蝎座,本科,汉族,180cm,与父母同住,74936621,20-28岁之间,大专,不限,160-168厘米,浙江绍兴,未婚,不限,有照片,绍兴,未婚,普通会员,晴天,2000～5000元,兔,70公斤
49,28岁,O型,已经购车,水瓶座,大专,汉族,173cm,已购房（无贷款）,164747020,20-32岁之间,大专,不限,160-175厘米 *,浙江绍兴,未婚,不限,有照片,绍兴,未婚,普通会员,在拙政园有趣的采文,2000～5000元,龙,66公斤
50,20岁,A型,暂未购车,巨蟹座,高中中专及以下,汉族,169cm,与父母同住,162664318,18-20岁之间,高中中专及以下,不限,158-175厘米 *,浙江绍兴,未婚 *,不限,有照片,绍兴,未婚,普通会员,beyond,5000～10000元,牛,54公斤
51,22岁,保密,暂未购车,白羊座,本科,汉族,178cm,与父母同住,165220541,20-24岁之间,不限,不限,160-170厘米 *,不限,未婚,不限,有照片,绍兴,未婚,普通会员,初夏微凉,2000～5000元,猪,58公斤
52,23岁,--,--,射手座,大专,--,182cm,--,169038623,18-25岁之间,不限,不限,155-170厘米 *,浙江,未婚,不限,不限,绍兴,未婚,普通会员,小邵,5000～10000元,鸡,--
53,26岁,A型,暂未购车,狮子座,高中中专及以下,汉族,173cm,暂未购房,162000761,18-26岁之间,不限,不限,155-170厘米,四川,未婚,不限,有照片,绍兴,未婚,普通会员,朝夕,5000～10000元,羊,--
54,29岁,A型,已经购车,狮子座,本科,汉族,175cm,独自租房,164468549,22-28岁之间,大专,不限,160-175厘米,浙江绍兴,不限,不限,有照片,绍兴,未婚,普通会员,小风,10000～20000元,龙,65公斤
55,30岁,--,暂未购车,射手座,本科,汉族,181cm,与父母同住,164344416,20-30岁之间,大专,不限,158-175厘米 *,浙江绍兴,未婚,不限,有照片,绍兴,未婚,普通会员,一羽倾心,2000～5000元,虎,--
56,27岁,O型,已购车（豪华型）,魔羯座,本科,汉族,170cm,需要时购置,112958602,18-29岁之间,不限,不限,155-170厘米,浙江绍兴,不限,不限,有照片,绍兴,未婚,高级会员,Augus,10000～20000元,蛇,--
57,26岁,--,--,天蝎座,高中中专及以下,汉族,170cm,--,167272434,18-30岁之间,不限,不限,158-175厘米,不限,不限,不限,有照片,绍兴,未婚,普通会员,欣喜的问雁在棉花堡,2000～5000元,马,67公斤
58,23岁,O型,--,射手座,本科,汉族,175cm,--,163280446,18-23岁之间,本科,不限,165-175厘米 *,浙江绍兴,未婚,不限,有照片,绍兴,未婚,高级会员,杰,5000～10000元,鸡,--
59,25岁,O型,已经购车,处女座,大专,汉族,176cm,与父母同住,163431354,18-30岁之间,高中中专及以下或以上,不限,158-175厘米,北京东城,不限,不限,有照片,绍兴,未婚,普通会员,思考的慕青在巴黎,5000～10000元,猴,70公斤
60,23岁,O型,已购车（中档型）,双鱼座,高中中专及以下,汉族,176cm,需要时购置,96036305,18-28岁之间,不限,不限,155-170厘米 *,浙江,未婚,不限,有照片,绍兴,未婚,普通会员,静待轮回!,5000～10000元,狗,75公斤
61,23岁,O型,暂未购车,双子座,高中中专及以下,汉族,163cm,暂未购房,161984386,18-25岁之间,高中中专及以下,不限,155-170厘米 *,不限,未婚 *,不限,有照片,绍兴,未婚,普通会员,快到碗里来,2000～5000元,狗,51公斤
62,29岁,--,--,巨蟹座,本科,--,180cm,--,169236017,22-30岁之间,不限,不限,155-170厘米,浙江绍兴,不限,不限,不限,绍兴,未婚,普通会员,姚先生,5000～10000元,龙,--
63,28岁,--,已购车（经济型）,狮子座,本科,汉族,165cm,需要时购置,166203022,25-30岁之间,不限,不限,155厘米或以上,浙江绍兴,未婚、离异,不限,有照片,绍兴,未婚,高级会员,流星,5000～10000元,蛇,80公斤
64,20岁,--,暂未购车,巨蟹座,高中中专及以下,汉族,178cm,住亲朋家,169306896,18-30岁之间,高中中专及以下或以上,不限,158-175厘米,浙江绍兴,不限,不限,有照片,绍兴,未婚,普通会员,卡布奇诺,5000～10000元,牛,55公斤
65,22岁,--,暂未购车,射手座,高中中专及以下,--,188cm,暂未购房,169258728,18-25岁之间,高中中专及以下,不限,162-170厘米,浙江绍兴,不限,不限,有照片,绍兴,未婚,普通会员,在柏林善良的甜椒,5000～10000元,狗,--
66,18岁,--,--,魔羯座,大专,--,178cm,--,168224644,18-30岁之间,高中中专及以下或以上,不限,158-175厘米,浙江绍兴,不限,不限,有照片,绍兴,未婚,普通会员,从南天然的在鼓浪屿,2000～5000元,虎,--
67,32岁,其它,已经购车,射手座,大专,汉族,177cm,已购住房,165187586,29-33岁之间,大专或以上,不限,172-175厘米,浙江绍兴,未婚,星级会员,有照片,绍兴,"离异,无小孩",普通会员,﻿李海宏,5000～10000元,鼠,--
68,26岁,B型,已购车（豪华型）,天蝎座,本科,汉族,177cm,暂未购房,104065521,20-28岁之间,不限,不限,150-175厘米,浙江绍兴,未婚,不限,有照片,绍兴,未婚,普通会员,广哥哥,5000～10000元,马,70公斤
69,27岁,--,--,双子座,本科,--,174cm,--,169278144,19-31岁之间,大专或以上,不限,158-175厘米,北京,未婚,不限,有照片,绍兴,未婚,普通会员,寿畅涵,10000～20000元,马,--
70,23岁,A型,已购车（经济型）,金牛座,大专,汉族,176cm,与父母同住,158360594,18-22岁之间,不限,不限,155-170厘米,浙江,未婚,不限,有照片,绍兴,未婚,普通会员,等待,5000～10000元,狗,--
71,31岁,O型,暂未购车,水瓶座,高中中专及以下,汉族,172cm,与父母同住,88451941,20-30岁之间,高中中专及以下,汉族,155-175厘米,浙江,未婚,星级会员,有照片,绍兴,未婚,普通会员,真情,2000～5000元,牛,119公斤
72,24岁,保密,已购车（经济型）,水瓶座,本科,汉族,180cm,已购住房,145019660,18-25岁之间,不限,不限,161-170厘米,浙江绍兴,未婚,不限,有照片,绍兴,未婚,普通会员,呵呵,5000～10000元,鸡,--
73,29岁,O型,已经购车,金牛座,本科,汉族,171cm,已购住房,133910157,30-35岁之间,不限,不限,155-168厘米,浙江,不限,不限,有照片,绍兴,未婚,普通会员,佳缘会员,2000～5000元,龙,--
74,28岁,--,暂未购车,狮子座,大专,汉族,175cm,与父母同住,107947479,20-28岁之间,不限,不限,158-175厘米,不限,未婚,不限,有照片,绍兴,未婚,普通会员,奔腾的水,5000～10000元,蛇,--
75,30岁,B型,暂未购车,射手座,本科,汉族,170cm,住亲朋家,142602584,26-31岁之间,大专,不限,160-170厘米 *,浙江,未婚,星级会员 *,有照片,绍兴,未婚,普通会员,我心飞翔,5000～10000元,虎,65公斤
76,22岁,B型,已购车（经济型）,巨蟹座,高中中专及以下,汉族,175cm,与父母同住,138223028,18-20岁之间,不限,不限,158-175厘米,浙江绍兴,未婚,不限,有照片,绍兴,未婚,普通会员,S,2000～5000元,猪,--
77,25岁,O型,需要时购置,魔羯座,高中中专及以下,汉族,178cm,需要时购置,107910834,21-26岁之间,不限,汉族,155-170厘米,浙江,不限,不限,有照片,绍兴,未婚,普通会员,张德兴,5000～10000元,羊,142公斤
78,23岁,--,暂未购车,狮子座,大专,--,166cm,与人合租,101138019,20-30岁之间,高中中专及以下,不限,158-168厘米 *,浙江绍兴,未婚 *,不限,有照片,绍兴,未婚,普通会员,一个人的幸福,10000～20000元,狗,52公斤
79,20岁,其它,暂未购车,射手座,高中中专及以下,汉族,175cm,独自租房,158325687,18-25岁之间,不限,不限,165厘米或以下,不限,未婚、离异,不限,有照片,绍兴,"离异,无小孩",普通会员,贵景胜,2000～5000元,鼠,55公斤
80,25岁,--,暂未购车,水瓶座,高中中专及以下,汉族,165cm,独自租房,104153536,18-27岁之间,不限,不限,150-168厘米 *,不限,未婚,不限,有照片,绍兴,未婚,普通会员,习惯就好,5000～10000元,羊,--
81,27岁,A型,暂未购车,双鱼座,本科,其它民族,170cm,需要时购置,103391188,18-25岁之间,不限,不限,160-175厘米,浙江,未婚,不限,有照片,绍兴,未婚,普通会员,王宴盛,5000～10000元,马,58公斤
82,25岁,B型,已经购车,处女座,高中中专及以下,汉族,169cm,与父母同住,141377557,20-26岁之间,不限,不限,158-172厘米 *,浙江绍兴,未婚,不限,有照片,绍兴,未婚,高级会员,动感,5000～10000元,猴,70公斤
83,27岁,--,--,白羊座,高中中专及以下,--,163cm,--,146273485,22-25岁之间,高中中专及以下,不限,153-161厘米,不限,不限,不限,有照片,绍兴,未婚,普通会员,还天天,2000～5000元,马,--
84,26岁,B型,暂未购车,天秤座,高中中专及以下,汉族,172cm,与人合租,149664311,18-25岁之间,不限,不限,155-170厘米,浙江,未婚,不限,有照片,绍兴,未婚,普通会员,爱你的人,5000～10000元,马,--
85,24岁,B型,已购车（经济型）,双子座,本科,汉族,168cm,独自租房,139119759,18-24岁之间,不限,不限,155-165厘米,"浙江金华,浙江温州,浙江绍兴",不限,不限,有照片,绍兴,未婚,普通会员,Min,2000元以下,鸡,50公斤
86,29岁,A型,已经购车,射手座,本科,汉族,174cm,已购住房,130555728,21-35岁之间,高中中专及以下,不限,155-170厘米,不限,未婚,不限,有照片,绍兴,未婚,普通会员,佳缘会员,10000～20000元,兔,60公斤
87,26岁,A型,已购车（豪华型）,天蝎座,大专,汉族,176cm,已购房（无贷款）,146465427,18-30岁之间,不限,不限,160-175厘米,浙江绍兴,不限,不限,有照片,绍兴,未婚,高级会员,拼命三郎,20000～50000元,马,70公斤
88,27岁,AB型,已购车（中档型）,双鱼座,本科,汉族,181cm,暂未购房,122708633,18-26岁之间,本科,不限,158-175厘米 *,浙江绍兴,未婚,不限,有照片,绍兴,未婚,普通会员,人生,10000～20000元,马,75公斤
89,26岁,保密,已购车（经济型）,金牛座,高中中专及以下,汉族,170cm,已购房（有贷款）,86413254,24-28岁之间,不限,不限,154-165厘米,浙江绍兴,未婚,不限,有照片,绍兴,未婚,普通会员,木偶,5000～10000元,羊,--
90,28岁,B型,--,白羊座,大专,汉族,175cm,--,144680261,23-28岁之间,高中中专及以下,不限,160-165厘米,浙江台州,不限,不限,有照片,绍兴,未婚,普通会员,扯淡忘记,5000～10000元,蛇,72公斤
91,26岁,AB型,已购车（经济型）,双鱼座,高中中专及以下,汉族,177cm,已购房（有贷款）,107243252,18-23岁之间,不限,不限,155-170厘米,浙江,未婚,不限,有照片,绍兴,未婚,普通会员,胖胖,2000～5000元,羊,--
92,31岁,O型,已购车（经济型）,狮子座,大专,汉族,171cm,已购房（有贷款）,149446686,20-32岁之间,高中中专及以下或以上,不限,158-175厘米,浙江绍兴,不限,不限,有照片,绍兴,离异,普通会员,海之子,10000～20000元,虎,--
93,24岁,A型,已购车（经济型）,魔羯座,大专,汉族,170cm,--,151022330,21-27岁之间,不限,不限,163-175厘米,浙江绍兴,未婚,不限,有照片,绍兴,未婚,普通会员,阿姨我喜欢你女儿,2000～5000元,猴,--
94,32岁,保密,暂未购车,巨蟹座,大专,汉族,177cm,已购住房,84685617,23-29岁之间,不限,不限,158-170厘米,浙江,未婚,不限,有照片,绍兴,未婚,普通会员,fiy,2000～5000元,牛,68公斤
95,27岁,--,--,双子座,大专,--,172cm,--,169086596,18-30岁之间,高中中专及以下,不限,158-175厘米 *,浙江绍兴,未婚 *,星级会员 *,有照片,绍兴,未婚,高级会员,机敏的初彤在兴城,5000～10000元,马,--
96,29岁,--,--,双子座,本科,--,168cm,--,165651123,19-31岁之间,大专或以上,不限,158-175厘米,浙江绍兴,不限,不限,有照片,绍兴,未婚,普通会员,沉默,2000元以下,龙,--
97,27岁,O型,已购车（经济型）,双子座,大专,汉族,178cm,暂未购房,159068780,18-33岁之间,不限,不限,155-170厘米,不限,未婚,不限,不限,绍兴,未婚,高级会员,下一站美好,10000～20000元,马,65公斤
98,26岁,--,--,白羊座,高中中专及以下,--,173cm,--,169073061,18-30岁之间,高中中专及以下或以上,不限,158-175厘米,浙江绍兴,不限,不限,有照片,绍兴,未婚,普通会员,一生有你足够,2000～5000元,羊,--
99,32岁,A型,已购车（中档型）,金牛座,本科,汉族,175cm,已购房（无贷款）,166110552,22-34岁之间,不限,不限,158-175厘米,浙江绍兴,不限,不限,不限,绍兴,离异,普通会员,九里香踌躇的在联合国,10000～20000元,牛,70公斤
100,29岁,--,暂未购车,天蝎座,高中中专及以下,--,174cm,与父母同住,169075220,24-34岁之间,不限,不限,155-170厘米,不限,离异、丧偶,不限,有照片,绍兴,"离异,有小孩归自己",普通会员,TY王,2000～5000元,兔,--
101,32岁,A型,暂未购车,巨蟹座,高中中专及以下,汉族,172cm,与父母同住,159574007,23-33岁之间,高中中专及以下,不限,158-175厘米,不限,不限,不限,有照片,绍兴,"离异,无小孩",普通会员,缘分天空,2000元以下,牛,75公斤
102,27岁,O型,--,魔羯座,本科,汉族,173cm,--,169240479,20-28岁之间,不限,不限,155-170厘米,不限,不限,不限,有照片,绍兴,未婚,普通会员,阿宝SX,5000～10000元,蛇,67公斤
103,18岁,--,--,双子座,本科,--,180cm,--,165779591,18-30岁之间,大专或以上,不限,158-175厘米,浙江绍兴,不限,不限,有照片,绍兴,未婚,普通会员,猪小乱哦,2000元以下,兔,--
104,30岁,A型,已经购车,双子座,本科,汉族,173cm,已购住房,46327386,23-28岁之间,不限,不限,158-170厘米,浙江,未婚、离异,不限,有照片,绍兴,离异,普通会员,淡定,10000～20000元,兔,58公斤
105,29岁,A型,暂未购车,射手座,高中中专及以下,汉族,170cm,与父母同住,63061197,24-31岁之间,不限,不限,155-170厘米 *,浙江,未婚,不限,有照片,绍兴,未婚,普通会员,爱简单,2000～5000元,兔,--
106,32岁,B型,已购车（经济型）,双子座,本科,汉族,173cm,已购房（无贷款）,157819764,20-25岁之间,不限,不限,160-170厘米,浙江绍兴,未婚,星级会员,有照片,绍兴,未婚,高级会员,古董时代,20000～50000元,牛,66公斤
107,26岁,--,--,巨蟹座,本科,--,174cm,--,168924885,18-26岁之间,不限,不限,155-170厘米,浙江,未婚,不限,有照片,绍兴,未婚,普通会员,老谭,5000～10000元,羊,--
108,29岁,--,--,水瓶座,高中中专及以下,--,172cm,--,169053033,26-31岁之间,不限,不限,150-168厘米,浙江绍兴,不限,不限,不限,绍兴,未婚,普通会员,阿峰,5000～10000元,兔,--
109,29岁,A型,需要时购置,双子座,大专,汉族,172cm,需要时购置,60842298,18-30岁之间,不限,不限,155-170厘米 *,浙江绍兴,未婚,不限,有照片,绍兴,未婚,高级会员,酷鱼,10000～20000元,龙,--
110,22岁,--,--,魔羯座,高中中专及以下,--,172cm,--,166216079,18-30岁之间,高中中专及以下或以上,不限,158-175厘米,浙江绍兴,不限,不限,有照片,绍兴,未婚,普通会员,天水意诚,2000～5000元,狗,--
111,25岁,--,--,狮子座,高中中专及以下,--,161cm,--,168696424,18-30岁之间,高中中专及以下或以上,不限,158-175厘米,浙江绍兴,不限,不限,有照片,绍兴,未婚,普通会员,小霜冷笑的在神农架,2000～5000元,猴,--
112,31岁,其它,已经购车,金牛座,高中中专及以下,汉族,172cm,与父母同住,77478285,22-32岁之间,不限,不限,160-172厘米,浙江绍兴,未婚、离异,星级会员,有照片,绍兴,未婚,普通会员,锆别過去,5000～10000元,虎,75公斤
113,26岁,--,--,天秤座,本科,--,170cm,--,169056292,18-26岁之间,不限,不限,155-170厘米,浙江,未婚,不限,有照片,绍兴,未婚,普通会员,勿忘初心,5000～10000元,羊,--
114,26岁,--,暂未购车,双子座,高中中专及以下,汉族,172cm,与父母同住,59240699,22-27岁之间,不限,不限,165-170厘米,浙江,未婚,不限,有照片,绍兴,未婚,普通会员,冰封永恒de爱,2000～5000元,羊,--
115,24岁,保密,暂未购车,巨蟹座,高中中专及以下,汉族,165cm,暂未购房,167530784,18-24岁之间,高中中专及以下,不限,158-170厘米,贵州,不限,不限,有照片,绍兴,未婚,普通会员,在捷克惆怅的水桃,5000～10000元,鸡,54公斤
116,20岁,O型,--,水瓶座,本科,汉族,178cm,--,168767296,18-24岁之间,本科,不限,161-171厘米 *,陕西西安,未婚,不限,有照片,绍兴,未婚,普通会员,造仙森,5000～10000元,鼠,65公斤
117,19岁,--,--,魔羯座,高中中专及以下,--,180cm,--,165833723,18-30岁之间,高中中专及以下或以上,不限,158-175厘米,浙江绍兴,不限,不限,有照片,绍兴,未婚,普通会员,在巴西外向的土拨鼠,2000元以下,牛,--
118,24岁,--,--,魔羯座,大专,--,168cm,--,141369552,18-30岁之间,高中中专及以下或以上,不限,158-175厘米,浙江绍兴,不限,不限,有照片,绍兴,未婚,普通会员,辉,5000～10000元,猴,--
119,28岁,--,--,天蝎座,大专,--,169cm,与父母同住,59734049,28-33岁之间,不限,不限,155-170厘米 *,浙江,未婚,不限,有照片,绍兴,未婚,普通会员,流浪者,2000～5000元,龙,--
120,26岁,其它,暂未购车,金牛座,高中中专及以下,汉族,166cm,暂未购房,139118117,18-26岁之间,不限,不限,165厘米,浙江绍兴,不限,不限,有照片,绍兴,未婚,普通会员,豪浩豪,2000元以下,羊,--
121,27岁,保密,暂未购车,水瓶座,高中中专及以下,汉族,172cm,与父母同住,105876598,18-26岁之间,不限,不限,158-175厘米,浙江绍兴,未婚,不限,有照片,绍兴,未婚,高级会员,寂寞的云,5000～10000元,马,90公斤
122,31岁,B型,已购车（经济型）,射手座,高中中专及以下,汉族,170cm,住单位房,92964594,23-33岁之间,高中中专及以下,不限,145-170厘米,重庆,离异、丧偶,星级会员,有照片,绍兴,"离异,有小孩归自己",普通会员,封心锁爱,5000～10000元,牛,--
123,24岁,A型,--,巨蟹座,本科,汉族,178cm,--,152904636,18-24岁之间,本科,不限,155-170厘米,浙江绍兴,未婚,不限,有照片,绍兴,未婚,高级会员,峰子,5000～10000元,鸡,70公斤
124,23岁,O型,暂未购车,魔羯座,高中中专及以下,--,174cm,暂未购房,134161777,18-28岁之间,不限,不限,155-180厘米,浙江绍兴,未婚,不限,有照片,绍兴,未婚,普通会员,坏坏,5000～10000元,鸡,--
125,30岁,O型,暂未购车,处女座,高中中专及以下,汉族,167cm,暂未购房,147784269,23-28岁之间,不限,汉族,155-170厘米,浙江绍兴,未婚,不限,有照片,绍兴,未婚,普通会员,缘纷相守,5000～10000元,兔,--
126,24岁,--,--,魔羯座,高中中专及以下,--,168cm,--,157003803,18-23岁之间,不限,不限,155-170厘米,浙江,未婚,不限,有照片,绍兴,未婚,普通会员,chen876,5000～10000元,猴,--
127,31岁,--,--,水瓶座,高中中专及以下,--,170cm,--,153332650,20-32岁之间,高中中专及以下或以上,不限,158-175厘米,浙江绍兴,不限,不限,有照片,绍兴,未婚,普通会员,瘦身,5000～10000元,虎,--
128,25岁,--,暂未购车,狮子座,高中中专及以下,汉族,170cm,已购住房,112370782,不限,不限,不限,不限,浙江,未婚,不限,有照片,绍兴,未婚,普通会员,明,2000～5000元,猴,--
129,24岁,--,--,天蝎座,本科,--,177cm,--,169208268,18-30岁之间,大专或以上,不限,158-175厘米,浙江绍兴,不限,不限,有照片,绍兴,未婚,普通会员,水香体贴的在塞舌尔,10000～20000元,猴,--
130,25岁,A型,已购车（中档型）,射手座,大专,汉族,176cm,与父母同住,144865047,18-29岁之间,不限,不限,155-180厘米,浙江绍兴,未婚,不限,有照片,绍兴,未婚,普通会员,花胜雪,10000～20000元,羊,60公斤
131,31岁,--,--,魔羯座,本科,--,170cm,--,153080407,20-30岁之间,不限,不限,155-170厘米,浙江,未婚,不限,有照片,绍兴,离异,普通会员,跑遍天下,5000～10000元,牛,--
132,20岁,--,--,水瓶座,大专,汉族,169cm,--,165551250,19-20岁之间,不限,不限,160-167厘米,浙江绍兴,不限,不限,有照片,绍兴,未婚,普通会员,阿西吧,2000～5000元,鼠,56公斤
133,25岁,--,--,射手座,本科,--,170cm,--,133320619,18-24岁之间,不限,不限,155-170厘米,浙江,未婚,不限,有照片,绍兴,未婚,普通会员,李,5000～10000元,羊,--
134,29岁,--,--,巨蟹座,大专,--,170cm,--,151654972,18-30岁之间,高中中专及以下或以上,不限,158-175厘米,浙江绍兴,不限,不限,有照片,绍兴,离异,普通会员,佳缘会员,10000～20000元,龙,--
135,28岁,--,--,双鱼座,本科,--,168cm,--,165500538,18-30岁之间,大专或以上,不限,158-175厘米,浙江绍兴,不限,不限,有照片,绍兴,未婚,普通会员,lishiming李士明,5000～10000元,蛇,--
136,24岁,--,--,天秤座,高中中专及以下,汉族,168cm,--,145671454,18-26岁之间,不限,不限,158-172厘米,浙江绍兴,不限,不限,有照片,绍兴,未婚,普通会员,取代好久不见,2000～5000元,鸡,61公斤
137,22岁,--,已购车（中档型）,双鱼座,本科,--,175cm,已购房（有贷款）,164373434,18-24岁之间,大专,不限,155-170厘米,浙江绍兴,未婚,不限,有照片,绍兴,未婚,普通会员,倜傥的曼柔在西西里,10000～20000元,猪,--
138,29岁,--,--,双子座,本科,--,180cm,--,128210282,19-28岁之间,不限,不限,158-175厘米,不限,未婚,不限,有照片,绍兴,未婚,普通会员,徐徐,5000～10000元,龙,--
139,28岁,--,--,处女座,高中中专及以下,--,155cm,--,169214742,18-30岁之间,高中中专及以下或以上,不限,158-175厘米,浙江绍兴,不限,不限,有照片,绍兴,未婚,普通会员,红薯玲珑的在万神庙,2000元以下,蛇,--
140,26岁,O型,--,天秤座,本科,汉族,178cm,暂未购房,80816359,19-25岁之间,不限,不限,160-170厘米,不限,未婚,不限,有照片,绍兴,未婚,普通会员,小囧囧,2000～5000元,马,--
141,30岁,A型,暂未购车,白羊座,高中中专及以下,汉族,177cm,暂未购房,130671620,18-27岁之间,不限,不限,155-170厘米,浙江,未婚,不限,有照片,绍兴,未婚,普通会员,情绪不由己,2000～5000元,兔,--
142,32岁,A型,已经购车,天蝎座,大专,汉族,172cm,已购住房,107864642,26-32岁之间,不限,不限,157-170厘米 *,浙江绍兴,未婚,不限,有照片,绍兴,未婚,普通会员,你在哪,10000～20000元,鼠,63公斤
143,32岁,O型,--,魔羯座,大专,汉族,172cm,--,165422076,22-34岁之间,高中中专及以下,不限,158-168厘米 *,不限,未婚 *,不限,有照片,绍兴,未婚,高级会员,凝天坦然的在奥地利,2000～5000元,鼠,62公斤
144,23岁,保密,--,狮子座,高中中专及以下,汉族,175cm,--,168927331,20-26岁之间,不限,不限,155-170厘米,浙江绍兴,不限,不限,有照片,绍兴,未婚,普通会员,慢慢,2000～5000元,鼠,65公斤
145,30岁,A型,已经购车,双鱼座,本科,汉族,168cm,已购住房,168403033,20-33岁之间,大专,不限,158-175厘米,浙江绍兴,不限,不限,有照片,绍兴,未婚,普通会员,从未止步,10000～20000元,兔,67公斤
146,29岁,--,--,水瓶座,高中中专及以下,--,171cm,--,146207361,20-28岁之间,不限,不限,155-170厘米,浙江绍兴,不限,不限,不限,绍兴,未婚,普通会员,张于超,5000～10000元,兔,--
147,27岁,--,已购车（中档型）,白羊座,大专,汉族,169cm,需要时购置,167822234,18-32岁之间,不限,不限,155-170厘米,不限,未婚,不限,有照片,绍兴,未婚,普通会员,陆喜来,20000～50000元,马,78公斤
148,25岁,--,--,白羊座,大专,--,172cm,--,161425626,18-24岁之间,不限,不限,155-170厘米,浙江,未婚,不限,有照片,绍兴,未婚,普通会员,青田,5000～10000元,猴,--
149,26岁,A型,需要时购置,魔羯座,高中中专及以下,汉族,167cm,已购房（无贷款）,157207439,20-30岁之间,不限,不限,150-165厘米 *,重庆,未婚,不限,有照片,绍兴,未婚,高级会员,Man-谭军,5000～10000元,马,55公斤
150,28岁,--,已购车（中档型）,双鱼座,本科,--,175cm,已购房（有贷款）,169137421,25岁或以上,不限,不限,155-170厘米,浙江绍兴,不限,不限,不限,绍兴,未婚,普通会员,Jf,10000～20000元,蛇,--
151,24岁,--,--,天秤座,高中中专及以下,--,170cm,--,159499753,18-24岁之间,不限,不限,155-170厘米,浙江绍兴,不限,不限,不限,绍兴,未婚,普通会员,1515,2000～5000元,鸡,--
152,29岁,--,--,双子座,大专,--,168cm,--,151879767,18-30岁之间,高中中专及以下或以上,不限,158-175厘米,浙江绍兴,不限,不限,有照片,绍兴,未婚,普通会员,乔,5000～10000元,龙,--
153,25岁,--,--,双子座,大专,--,175cm,--,169188305,18-30岁之间,高中中专及以下或以上,不限,158-175厘米,浙江绍兴,不限,不限,有照片,绍兴,未婚,普通会员,Wing,2000元以下,猴,--
154,23岁,--,--,魔羯座,本科,--,170cm,--,161136633,18-23岁之间,不限,不限,155-170厘米,浙江,未婚,不限,有照片,绍兴,未婚,普通会员,老板,5000～10000元,鸡,--
155,28岁,--,--,水瓶座,高中中专及以下,--,165cm,--,107508157,18-27岁之间,高中中专及以下或以上,不限,158-167厘米,不限,未婚,不限,有照片,绍兴,未婚,普通会员,雾水,2000～5000元,蛇,--
156,26岁,--,--,巨蟹座,大专,--,172cm,--,150559545,18-24岁之间,不限,不限,155-170厘米,浙江,未婚,不限,有照片,绍兴,未婚,普通会员,找的就是你,5000～10000元,羊,--
157,31岁,--,--,处女座,高中中专及以下,--,170cm,--,169034625,21-31岁之间,不限,不限,155-170厘米,浙江,未婚,不限,有照片,绍兴,离异,普通会员,119,5000～10000元,虎,--
158,24岁,--,--,魔羯座,大专,--,180cm,--,160745730,24岁以下,高中中专及以下,不限,150-190厘米 *,不限,未婚 *,不限,有照片,绍兴,未婚,普通会员,聖,5000～10000元,猴,--
159,28岁,--,--,金牛座,高中中专及以下,--,175cm,--,108645826,18-24岁之间,不限,不限,155-170厘米,浙江,未婚,不限,有照片,绍兴,未婚,普通会员,137,2000～5000元,蛇,--
160,31岁,--,--,天蝎座,高中中专及以下,--,181cm,--,116252268,18-30岁之间,高中中专及以下或以上,不限,158-175厘米,浙江绍兴,未婚,不限,有照片,绍兴,未婚,普通会员,呵呵,2000～5000元,牛,--
161,29岁,--,已经购车,狮子座,大专,--,170cm,与父母同住,100234174,21-25岁之间,不限,不限,155-165厘米,浙江绍兴,未婚,不限,有照片,绍兴,未婚,普通会员,低调DE小爷,2000～5000元,龙,--
162,22岁,--,--,魔羯座,大专,--,185cm,--,158595041,18-21岁之间,不限,不限,155-170厘米,浙江,未婚,不限,有照片,绍兴,未婚,普通会员,淡然,10000～20000元,狗,--
163,24岁,--,--,处女座,高中中专及以下,--,164cm,--,151957841,18-30岁之间,高中中专及以下或以上,不限,158-175厘米,浙江绍兴,不限,不限,有照片,绍兴,未婚,高级会员,和你一起有个家,5000～10000元,鸡,--
164,23岁,--,暂未购车,金牛座,本科,汉族,178cm,已购房（无贷款）,166787670,22-27岁之间,不限,不限,155-170厘米,浙江绍兴,不限,不限,有照片,绍兴,未婚,普通会员,峰少,10000～20000元,狗,65公斤
165,27岁,--,--,水瓶座,高中中专及以下,--,176cm,--,157235561,18-30岁之间,高中中专及以下,不限,155-175厘米 *,浙江绍兴,未婚 *,不限,有照片,绍兴,未婚,普通会员,乘飞鸾,5000～10000元,马,--
166,25岁,AB型,暂未购车,水瓶座,高中中专及以下,汉族,174cm,暂未购房,92244617,20-50岁之间,不限,不限,130-260厘米,浙江,不限,不限,不限,绍兴,未婚,普通会员,死心眼,5000～10000元,猴,--
167,28岁,O型,已经购车,金牛座,高中中专及以下,汉族,171cm,与父母同住,161027445,19-31岁之间,高中中专及以下,不限,150-170厘米 *,浙江绍兴,未婚 *,不限,有照片,绍兴,未婚,普通会员,端庄的樱桃在开普敦,2000～5000元,蛇,68公斤
168,25岁,--,--,处女座,本科,--,175cm,--,168484412,18-26岁之间,不限,不限,155-170厘米,浙江绍兴,不限,不限,不限,绍兴,未婚,普通会员,oo,5000～10000元,猴,--
169,31岁,--,已经购车,双子座,本科,汉族,168cm,独自租房,161177592,23-33岁之间,大专,不限,158-175厘米,浙江绍兴,不限,不限,有照片,绍兴,未婚,普通会员,在宏村自信的慈菇,5000～10000元,虎,65公斤
170,23岁,--,--,射手座,本科,--,180cm,--,167565397,18-22岁之间,不限,不限,162-180厘米,浙江绍兴,不限,不限,不限,绍兴,未婚,普通会员,牧羊人,5000～10000元,鸡,--
171,20岁,O型,已购车（中档型）,魔羯座,高中中专及以下,汉族,174cm,与父母同住,150760296,18-19岁之间,不限,不限,155-170厘米,浙江,未婚,不限,有照片,绍兴,未婚,普通会员,夏天的章鱼烧,2000～5000元,鼠,65公斤
172,18岁,--,--,双鱼座,大专,--,170cm,--,169191930,18-30岁之间,高中中专及以下或以上,不限,158-175厘米,浙江绍兴,不限,不限,有照片,绍兴,未婚,普通会员,凌霄平和的在蓬皮杜,2000～5000元,兔,--
173,27岁,A型,已经购车,双鱼座,高中中专及以下,汉族,178cm,暂未购房,90054905,22-30岁之间,不限,不限,160-175厘米,山东济宁,未婚,星级会员,有照片,绍兴,未婚,普通会员,相思一抹泪,2000～5000元,马,--
174,25岁,--,--,天秤座,高中中专及以下,--,169cm,--,158530999,18-24岁之间,不限,不限,155-170厘米,浙江,未婚,不限,有照片,绍兴,未婚,普通会员,辉辉,2000～5000元,猴,--
175,27岁,AB型,已购车（经济型）,双鱼座,大专,汉族,176cm,已购住房,163430206,不限,不限,不限,不限,不限,不限,不限,有照片,绍兴,未婚,普通会员,雅蠛蝶^o^壞〆`少爺,5000～10000元,马,65公斤
176,25岁,--,--,天蝎座,高中中专及以下,--,167cm,--,169169655,21-28岁之间,不限,不限,155-170厘米,浙江绍兴,不限,不限,不限,绍兴,未婚,普通会员,红色土耳其,5000～10000元,羊,--
177,32岁,A型,暂未购车,双鱼座,大专,汉族,168cm,已购住房,158329240,20-32岁之间,不限,不限,158-175厘米,贵州六盘水,未婚、丧偶,不限,有照片,绍兴,"离异,有小孩归自己",普通会员,桥子丹,2000～5000元,牛,72公斤
178,29岁,--,--,双子座,大专,--,168cm,--,168136588,19-31岁之间,高中中专及以下或以上,不限,158-175厘米,浙江绍兴,不限,不限,有照片,绍兴,未婚,普通会员,在横滨浅笑的听蓉,5000～10000元,龙,--
179,29岁,--,已购车（豪华型）,射手座,本科,--,172cm,已购房（无贷款）,93503766,20-40岁之间,不限,不限,155-175厘米,浙江,不限,不限,不限,绍兴,未婚,普通会员,爱情守望者,10000～20000元,兔,--
180,24岁,A型,暂未购车,巨蟹座,大专,汉族,165cm,暂未购房,157097552,18-28岁之间,不限,不限,152-174厘米,不限,不限,不限,不限,绍兴,未婚,普通会员,执子之手,2000～5000元,鸡,60公斤
181,26岁,AB型,已购车（豪华型）,天秤座,本科,汉族,170cm,已购住房,168332222,18-30岁之间,大专或以上,不限,158-175厘米,浙江绍兴,不限,不限,有照片,绍兴,未婚,高级会员,执著的涵柏在阿拉伯,50000元以上,羊,65公斤
182,19岁,A型,--,狮子座,本科,汉族,170cm,--,168951454,18-30岁之间,大专,不限,158-165厘米,浙江绍兴,不限,不限,有照片,绍兴,未婚,普通会员,阿哟丶,2000～5000元,虎,50公斤
183,26岁,--,--,水瓶座,高中中专及以下,--,179cm,--,162561816,18-26岁之间,不限,不限,155-170厘米,浙江,未婚,不限,有照片,绍兴,未婚,普通会员,你若不离，我必不弃,5000～10000元,马,--
184,24岁,--,--,处女座,本科,--,162cm,--,169036879,18-24岁之间,不限,不限,155-170厘米,浙江,未婚,不限,有照片,绍兴,未婚,普通会员,晚儿。。,5000～10000元,鸡,--
185,22岁,--,暂未购车,魔羯座,大专,--,175cm,暂未购房,165601506,18-24岁之间,不限,不限,160-175厘米 *,浙江绍兴,未婚,不限,有照片,绍兴,未婚,普通会员,潇洒的唐老鸭在酒吧,5000～10000元,狗,--
186,24岁,--,--,巨蟹座,高中中专及以下,--,180cm,--,164950798,18-30岁之间,高中中专及以下或以上,不限,158-175厘米,浙江绍兴,不限,不限,有照片,绍兴,未婚,普通会员,我只是爱你的疯子,5000～10000元,鸡,--
187,26岁,--,--,射手座,本科,--,180cm,--,168713349,18-30岁之间,不限,不限,160-170厘米,不限,不限,不限,有照片,绍兴,未婚,普通会员,在都江堰稳重的山地豆,10000～20000元,马,--
188,27岁,--,--,双子座,本科,--,167cm,--,169156854,19-31岁之间,大专或以上,不限,158-175厘米,北京,未婚,不限,有照片,绍兴,未婚,普通会员,熊经义,10000～20000元,马,--
189,29岁,--,--,双子座,本科,--,168cm,--,153410005,18-30岁之间,大专或以上,不限,158-175厘米,浙江绍兴,不限,不限,有照片,绍兴,未婚,普通会员,绝望的鱼,5000～10000元,龙,--
190,24岁,--,--,金牛座,大专,--,172cm,--,163429336,22-25岁之间,不限,不限,155-170厘米,浙江绍兴,不限,不限,有照片,绍兴,未婚,普通会员,阿甘先森,5000～10000元,鸡,--
191,28岁,--,--,巨蟹座,本科,--,168cm,--,165893506,18-30岁之间,大专或以上,不限,158-175厘米,浙江绍兴,不限,不限,有照片,绍兴,未婚,普通会员,在利马柔弱的荔枝草,5000～10000元,蛇,--
192,21岁,A型,暂未购车,白羊座,大专,汉族,175cm,与父母同住,164149314,18-22岁之间,不限,不限,155-170厘米,不限,未婚,不限,有照片,绍兴,未婚,普通会员,：我：坏人么：,5000～10000元,鼠,65公斤
193,28岁,--,需要时购置,射手座,高中中专及以下,汉族,175cm,暂未购房,139295149,22-27岁之间,不限,不限,160-170厘米,不限,未婚,不限,有照片,绍兴,未婚,普通会员,小蒋,5000～10000元,龙,65公斤
194,28岁,--,--,双子座,本科,--,166cm,--,164566079,18-28岁之间,不限,不限,155-170厘米,浙江,未婚,不限,有照片,绍兴,未婚,普通会员,孤独,2000～5000元,蛇,--
195,24岁,保密,已购车（豪华型）,金牛座,本科,汉族,178cm,已购房（无贷款）,168259125,18-26岁之间,不限,不限,162-172厘米 *,浙江,未婚,不限,有照片,绍兴,未婚,普通会员,悦，,20000～50000元,鸡,64公斤
196,18岁,--,--,双鱼座,高中中专及以下,--,181cm,--,169169381,18-30岁之间,高中中专及以下或以上,不限,158-175厘米,浙江绍兴,不限,不限,有照片,绍兴,未婚,普通会员,南信,2000～5000元,兔,--
197,29岁,B型,暂未购车,天蝎座,大专,汉族,170cm,与父母同住,66927632,20-24岁之间,不限,不限,158-168厘米,浙江绍兴,未婚、离异,不限,不限,绍兴,未婚,普通会员,差一点很帅,5000～10000元,兔,65公斤
198,23岁,--,--,射手座,本科,--,175cm,--,165032320,18-26岁之间,不限,不限,155-172厘米,浙江,不限,不限,有照片,绍兴,未婚,普通会员,情与风月你与我,5000～10000元,鸡,--
199,20岁,--,--,水瓶座,高中中专及以下,--,168cm,--,165160232,18-30岁之间,高中中专及以下或以上,不限,158-175厘米,浙江绍兴,不限,不限,有照片,绍兴,未婚,普通会员,想爱一个人,2000～5000元,牛,--
200,25岁,--,--,魔羯座,本科,--,180cm,--,169081730,18-26岁之间,不限,不限,155-170厘米,浙江绍兴,不限,不限,不限,绍兴,未婚,普通会员,唐老鸭滑稽的在巴黎,5000～10000元,羊,--
201,31岁,O型,已经购车,狮子座,大专,汉族,176cm,需要时购置,109005228,23-29岁之间,不限,不限,165-170厘米,江苏连云港,未婚,不限,有照片,绍兴,未婚,普通会员,谁明浪子心,5000～10000元,虎,65公斤
202,30岁,O型,暂未购车,双子座,高中中专及以下,苗族,165cm,暂未购房,162812249,20-32岁之间,高中中专及以下,不限,158-175厘米,不限,不限,不限,有照片,绍兴,未婚,普通会员,整洁的幼珊在印度,2000～5000元,兔,57公斤
203,21岁,--,--,双鱼座,高中中专及以下,--,170cm,--,162517203,18-22岁之间,高中中专及以下,不限,158-175厘米 *,浙江绍兴,未婚 *,不限,有照片,绍兴,未婚,普通会员,在布拉格微笑的宛筠,2000～5000元,鼠,--
204,27岁,--,--,魔羯座,高中中专及以下,--,170cm,--,162603146,18-27岁之间,不限,不限,155-170厘米,浙江,未婚,不限,有照片,绍兴,离异,普通会员,找缘,10000～20000元,蛇,--
205,32岁,--,--,巨蟹座,本科,--,175cm,--,141995812,20-31岁之间,不限,不限,155-175厘米,浙江,不限,不限,有照片,绍兴,离异,普通会员,黎明之前,5000～10000元,牛,--
206,26岁,--,--,狮子座,大专,--,180cm,--,165287783,19-27岁之间,不限,不限,155-170厘米,浙江绍兴,不限,不限,不限,绍兴,未婚,普通会员,南山南,5000～10000元,羊,--
207,32岁,--,--,金牛座,本科,--,175cm,暂未购房,164126136,25-33岁之间,不限,不限,155-170厘米,浙江绍兴,不限,不限,不限,绍兴,未婚,普通会员,卡宁,50000元以上,牛,--
208,27岁,--,--,白羊座,本科,--,175cm,--,169128388,20-28岁之间,不限,不限,155-170厘米,湖南,未婚,不限,有照片,绍兴,离异,普通会员,yintao,10000～20000元,马,--
209,24岁,A型,暂未购车,双子座,大专,汉族,183cm,与父母同住,164609734,20-30岁之间,不限,不限,162-175厘米 *,不限,未婚,不限,有照片,绍兴,未婚,普通会员,家住海边喜欢浪,5000～10000元,鸡,70公斤
210,27岁,--,--,天蝎座,高中中专及以下,--,170cm,--,145167557,18-25岁之间,不限,不限,155-170厘米 *,浙江绍兴,未婚,不限,有照片,绍兴,未婚,普通会员,呵呵,2000～5000元,蛇,--
211,24岁,其它,暂未购车,双鱼座,高中中专及以下,汉族,180cm,与父母同住,121683828,18-21岁之间,不限,不限,155-170厘米,浙江,未婚,不限,有照片,绍兴,未婚,普通会员,李亚,5000～10000元,鸡,--
212,20岁,--,--,魔羯座,大专,--,186cm,--,165131493,18-23岁之间,高中中专及以下,不限,158-185厘米 *,浙江绍兴,未婚 *,不限,有照片,绍兴,未婚,普通会员,子墨言,2000～5000元,鼠,62公斤
213,26岁,--,--,双鱼座,大专,--,176cm,--,164103166,19-31岁之间,高中中专及以下,不限,158-175厘米,浙江绍兴,不限,不限,有照片,绍兴,未婚,普通会员,怀柔放松的在包豪斯,5000～10000元,羊,--
214,28岁,A型,已购车（中档型）,双鱼座,大专,汉族,172cm,住单位房,120172210,22-30岁之间,不限,不限,155-170厘米 *,内蒙古呼伦贝尔,未婚,不限,有照片,绍兴,未婚,普通会员,永仔,5000～10000元,蛇,65公斤
215,28岁,--,--,狮子座,高中中专及以下,--,170cm,--,150792045,18-27岁之间,不限,不限,155-170厘米,浙江,未婚,不限,有照片,绍兴,未婚,普通会员,唯一的你,2000～5000元,蛇,--
216,21岁,--,--,魔羯座,高中中专及以下,--,182cm,--,153835903,18-30岁之间,高中中专及以下或以上,不限,158-175厘米,浙江绍兴,不限,不限,有照片,绍兴,未婚,普通会员,情话烫嘴,5000～10000元,猪,--
217,23岁,--,暂未购车,双鱼座,大专,--,175cm,与父母同住,147657540,18-24岁之间,不限,藏族,130-200厘米,浙江绍兴,未婚,不限,有照片,绍兴,未婚,普通会员,我的右耳在发烧,2000～5000元,狗,--
218,25岁,--,暂未购车,白羊座,高中中专及以下,--,170cm,与父母同住,104364787,18-23岁之间,高中中专及以下,不限,158-175厘米,浙江绍兴,未婚,不限,有照片,绍兴,未婚,普通会员,小炮,2000～5000元,猴,--
219,29岁,--,--,天蝎座,大专,--,168cm,--,161009413,20-30岁之间,不限,不限,155-170厘米,浙江,未婚,不限,有照片,绍兴,未婚,普通会员,毛毛鱼,5000～10000元,兔,--
220,22岁,--,--,处女座,本科,--,170cm,--,159300976,18-22岁之间,不限,不限,155-170厘米,浙江绍兴,不限,不限,有照片,绍兴,未婚,普通会员,曼易调皮的在不莱梅,5000～10000元,猪,--
221,26岁,--,暂未购车,天蝎座,高中中专及以下,汉族,167cm,与父母同住,150031803,22-25岁之间,不限,不限,150-165厘米,浙江,未婚,不限,有照片,绍兴,未婚,普通会员,lin,2000～5000元,马,--
222,31岁,B型,已经购车,魔羯座,大专,汉族,175cm,--,82455889,23-30岁之间,不限,不限,155-170厘米,浙江绍兴,未婚,不限,有照片,绍兴,未婚,普通会员,执着的人,5000～10000元,牛,--
223,23岁,--,--,双鱼座,大专,--,170cm,--,153669768,18-30岁之间,高中中专及以下或以上,不限,158-175厘米,浙江绍兴,不限,不限,有照片,绍兴,未婚,普通会员,佳缘会员,2000～5000元,狗,--
224,23岁,--,--,双子座,高中中专及以下,--,169cm,--,115299006,18-20岁之间,高中中专及以下或以上,不限,158-165厘米,浙江,未婚,不限,有照片,绍兴,未婚,普通会员,零,2000～5000元,狗,--
225,25岁,--,--,双子座,本科,--,168cm,--,158736707,18-30岁之间,大专或以上,不限,158-175厘米,浙江绍兴,不限,不限,有照片,绍兴,未婚,普通会员,清念文,5000～10000元,猴,--
226,20岁,--,暂未购车,双鱼座,本科,--,172cm,与父母同住,161245030,18-30岁之间,大专或以上,不限,158-175厘米,北京东城,不限,不限,有照片,绍兴,未婚,普通会员,在北固山调皮的白凝,10000～20000元,牛,--
227,24岁,--,--,双鱼座,大专,--,173cm,--,160364152,18-23岁之间,不限,不限,155-170厘米,浙江,未婚,不限,有照片,绍兴,未婚,普通会员,唯,10000～20000元,鸡,--
228,22岁,--,--,水瓶座,本科,--,172cm,--,156727389,18-21岁之间,不限,不限,155-170厘米,浙江,未婚,不限,有照片,绍兴,未婚,普通会员,冷峻美眸,2000～5000元,猪,53公斤
229,21岁,A型,暂未购车,双子座,本科,汉族,170cm,暂未购房,126840928,18岁,不限,不限,155-170厘米,浙江,未婚,不限,有照片,绍兴,未婚,普通会员,紫枫,2000～5000元,鼠,--
230,22岁,--,--,水瓶座,高中中专及以下,--,185cm,--,120499159,18-21岁之间,高中中专及以下或以上,不限,158-175厘米,浙江绍兴,未婚,不限,有照片,绍兴,未婚,普通会员,张蔡健,2000～5000元,猪,--
231,22岁,O型,暂未购车,巨蟹座,大专,汉族,170cm,与父母同住,144310691,18-25岁之间,不限,不限,155-165厘米,浙江绍兴,未婚,不限,有照片,绍兴,未婚,普通会员,有个爱你的人不容易,2000～5000元,猪,65公斤
232,25岁,--,暂未购车,天秤座,本科,--,168cm,暂未购房,155342943,18-24岁之间,本科,不限,155-165厘米 *,浙江绍兴,未婚,不限,有照片,绍兴,未婚,普通会员,佳缘会员,5000～10000元,猴,--
233,30岁,AB型,--,双鱼座,高中中专及以下,汉族,168cm,--,134817251,18-33岁之间,不限,不限,158-175厘米,浙江绍兴,不限,不限,有照片,绍兴,离异,普通会员,佳缘会员,2000～5000元,兔,--
234,30岁,--,已购车（经济型）,天蝎座,高中中专及以下,--,170cm,需要时购置,154130417,23-31岁之间,不限,不限,155-170厘米,浙江绍兴,不限,不限,有照片,绍兴,未婚,普通会员,佳缘会员,5000～10000元,虎,--
235,31岁,--,--,狮子座,大专,--,168cm,--,161913000,21-33岁之间,高中中专及以下或以上,不限,158-175厘米,北京东城,不限,不限,有照片,绍兴,未婚,普通会员,空心菜冷笑的在青海湖,5000～10000元,虎,--
236,21岁,O型,暂未购车,魔羯座,高中中专及以下,汉族,178cm,住单位房,161827370,20-26岁之间,不限,不限,160-170厘米 *,不限,未婚,不限,有照片,绍兴,未婚,普通会员,在张家界散漫的大蟒,2000～5000元,鼠,67公斤
237,27岁,--,--,双子座,本科,--,170cm,--,144720740,18-30岁之间,大专或以上,不限,158-175厘米,浙江绍兴,不限,不限,有照片,绍兴,未婚,普通会员,紫气东来,5000～10000元,马,--
238,29岁,A型,暂未购车,双子座,大专,汉族,170cm,住单位房,160095814,22-28岁之间,大专,不限,158-175厘米 *,浙江绍兴,未婚,不限,有照片,绍兴,未婚,普通会员,峰峰,5000～10000元,龙,--
239,31岁,O型,--,双鱼座,大专,汉族,173cm,--,151716764,22-33岁之间,不限,不限,155-170厘米,浙江绍兴,不限,不限,有照片,绍兴,未婚,普通会员,摆渡人,5000～10000元,虎,65公斤
240,24岁,A型,--,天秤座,大专,汉族,172cm,--,163420200,18-25岁之间,高中中专及以下,不限,158-175厘米 *,浙江绍兴,未婚 *,不限,有照片,绍兴,未婚,普通会员,在维也纳善良的冬云,5000～10000元,鸡,52公斤
241,23岁,A型,已经购车,双子座,高中中专及以下,汉族,173cm,已购住房,93449929,18-20岁之间,不限,不限,155-170厘米,浙江绍兴,未婚,不限,有照片,绍兴,未婚,普通会员,生活一半记忆,20000～50000元,狗,75公斤
242,25岁,B型,已经购车,金牛座,大专,汉族,172cm,暂未购房,169041715,22-25岁之间,大专或以上,不限,167-170厘米,浙江绍兴,未婚,星级会员,有照片,绍兴,未婚,普通会员,旧梦;,2000～5000元,猴,--
243,25岁,其它,已经购车,水瓶座,高中中专及以下,汉族,180cm,需要时购置,77813001,18-22岁之间,不限,不限,165-175厘米,浙江,不限,不限,不限,绍兴,未婚,普通会员,炎仔,5000～10000元,猴,--
244,27岁,保密,暂未购车,双子座,本科,汉族,166cm,暂未购房,168807648,18-30岁之间,不限,不限,158-165厘米,浙江绍兴,不限,不限,有照片,绍兴,未婚,普通会员,抹去那些忧伤,2000～5000元,马,53公斤
245,24岁,--,--,天蝎座,高中中专及以下,--,177cm,--,166469326,18-30岁之间,高中中专及以下或以上,不限,158-175厘米,浙江绍兴,不限,不限,有照片,绍兴,未婚,普通会员,健壮的常青藤在火山,2000～5000元,猴,--
246,32岁,--,--,狮子座,本科,--,178cm,--,168950374,22-34岁之间,大专或以上,不限,158-175厘米,浙江绍兴,不限,不限,有照片,绍兴,未婚,普通会员,从梦唠叨的在釜山,2000元以下,牛,--
247,31岁,--,--,水瓶座,大专,--,175cm,--,160225337,19-31岁之间,高中中专及以下或以上,不限,158-175厘米,北京东城,不限,不限,有照片,绍兴,未婚,普通会员,单身后羿,5000～10000元,虎,--
248,31岁,A型,已购车（中档型）,天蝎座,本科,汉族,172cm,已购房（有贷款）,144613128,20-26岁之间,双学士,不限,158-175厘米,浙江绍兴,未婚,不限,有照片,绍兴,"离异,有小孩归对方",普通会员,北极的雪,10000～20000元,牛,--
249,29岁,--,--,双子座,大专,--,170cm,--,168035568,19-31岁之间,高中中专及以下或以上,不限,158-175厘米,浙江绍兴,不限,不限,有照片,绍兴,未婚,普通会员,紧张的枇杷在波恩,5000～10000元,龙,--
250,29岁,--,暂未购车,处女座,大专,汉族,165cm,需要时购置,164721706,19-31岁之间,不限,不限,158-175厘米 *,不限,未婚,不限,有照片,绍兴,未婚,普通会员,想吃“重庆麻辣火锅”,2000～5000元,龙,55公斤
251,27岁,其它,--,水瓶座,高中中专及以下,汉族,170cm,--,165359231,20-28岁之间,高中中专及以下,不限,155-170厘米 *,浙江绍兴,未婚 *,不限,有照片,绍兴,未婚,普通会员,上班族,2000～5000元,蛇,60公斤
252,29岁,--,--,双子座,本科,--,168cm,--,168940737,19-31岁之间,大专或以上,不限,158-175厘米,浙江绍兴,不限,不限,有照片,绍兴,未婚,普通会员,啤酒尴尬的在卡塔尔,2000元以下,龙,--
253,26岁,--,--,双鱼座,大专,汉族,178cm,与父母同住,151360534,18-26岁之间,不限,不限,155-170厘米 *,不限,未婚,不限,不限,绍兴,未婚,普通会员,随风,5000～10000元,羊,65公斤
254,26岁,A型,--,天秤座,大专,汉族,175cm,住单位房,159473459,23-28岁之间,大专,不限,158-175厘米 *,浙江绍兴,未婚,不限,有照片,绍兴,未婚,普通会员,橙子先生,5000～10000元,马,65公斤
255,28岁,B型,暂未购车,处女座,本科,汉族,170cm,已购房（有贷款）,149636820,22-30岁之间,本科,不限,158-170厘米,不限,不限,不限,不限,绍兴,未婚,普通会员,仁义,5000～10000元,蛇,65公斤
256,29岁,--,--,处女座,本科,--,158cm,--,168940007,19-29岁之间,不限,不限,155-170厘米,浙江,未婚,不限,有照片,绍兴,未婚,普通会员,吉祥海马琳,5000～10000元,龙,--
257,29岁,O型,--,双子座,大专,汉族,172cm,--,168949838,19-31岁之间,不限,不限,158-175厘米,浙江绍兴,不限,不限,有照片,绍兴,未婚,高级会员,翠萱幸福的在阿富汗,5000～10000元,龙,75公斤
258,30岁,O型,--,射手座,大专,汉族,168cm,暂未购房,147628626,25-34岁之间,不限,不限,150-175厘米,浙江绍兴,不限,不限,有照片,绍兴,未婚,普通会员,金培梁,10000～20000元,虎,--
259,28岁,--,已购车（中档型）,天蝎座,本科,--,176cm,已购房（无贷款）,167770928,22-28岁之间,本科,不限,160-170厘米 *,浙江绍兴,未婚,星级会员 *,有照片,绍兴,未婚,高级会员,愉快的莴苣在芝加哥,10000～20000元,龙,68公斤
260,18岁,--,--,巨蟹座,本科,--,182cm,--,169132432,18-30岁之间,大专或以上,不限,158-175厘米,浙江绍兴,不限,不限,有照片,绍兴,未婚,普通会员,在华清池胆怯的紫南,2000元以下,兔,--
261,20岁,--,--,处女座,大专,--,177cm,--,168953064,18-30岁之间,高中中专及以下或以上,不限,158-175厘米,浙江绍兴,不限,不限,有照片,绍兴,未婚,普通会员,凌青活力的在波尔多,5000～10000元,牛,--
262,25岁,O型,--,天秤座,本科,汉族,175cm,--,165673271,20-30岁之间,不限,不限,160-170厘米,浙江绍兴,不限,不限,有照片,绍兴,未婚,普通会员,物是人非、挽不回,20000～50000元,猴,63公斤
263,30岁,--,已经购车,射手座,高中中专及以下,汉族,160cm,与父母同住,149870592,25-35岁之间,不限,不限,155-165厘米,不限,不限,不限,有照片,绍兴,未婚,普通会员,月亮的眼泪,2000～5000元,虎,--
264,28岁,--,暂未购车,金牛座,本科,--,177cm,已购房（有贷款）,158753555,20-28岁之间,不限,不限,155-170厘米,浙江绍兴,不限,不限,不限,绍兴,未婚,普通会员,熊猫,5000～10000元,蛇,--
265,30岁,--,--,魔羯座,博士,--,171cm,--,169029859,21-33岁之间,本科或以上,不限,158-175厘米,浙江绍兴,不限,不限,有照片,绍兴,未婚,普通会员,伍愫莞,10000～20000元,虎,--
266,24岁,--,--,双子座,大专,--,173cm,--,169036361,18-25岁之间,不限,不限,155-170厘米,浙江绍兴,不限,不限,不限,绍兴,未婚,普通会员,逆流,5000～10000元,鸡,--
267,31岁,O型,暂未购车,处女座,本科,汉族,173cm,已购房（无贷款）,149196312,20-35岁之间,本科,不限,162-175厘米,浙江绍兴,未婚,不限,有照片,绍兴,未婚,普通会员,弃权,20000～50000元,虎,--
268,18岁,--,--,天蝎座,本科,--,165cm,--,168914310,18-30岁之间,大专或以上,不限,158-175厘米,浙江绍兴,不限,不限,有照片,绍兴,未婚,普通会员,WuXx,2000元以下,虎,--
269,32岁,B型,暂未购车,天秤座,高中中专及以下,汉族,171cm,暂未购房,153609621,21-30岁之间,不限,不限,156-170厘米,不限,未婚,不限,有照片,绍兴,未婚,高级会员,会飞的鱼,5000～10000元,牛,69公斤
270,29岁,其它,已购车（中档型）,巨蟹座,高中中专及以下,汉族,172cm,暂未购房,46269498,30-41岁之间,不限,不限,155-170厘米,浙江绍兴,不限,不限,有照片,绍兴,未婚,普通会员,迷途浪子,2000～5000元,龙,70公斤
271,27岁,--,暂未购车,双鱼座,高中中专及以下,汉族,175cm,与父母同住,112604328,18-28岁之间,不限,不限,150-170厘米,浙江绍兴,未婚,不限,有照片,绍兴,未婚,高级会员,佳威,2000～5000元,马,120公斤
272,21岁,--,暂未购车,狮子座,本科,--,170cm,暂未购房,163313138,18-22岁之间,不限,不限,155-170厘米,浙江绍兴,不限,不限,有照片,绍兴,未婚,高级会员,【魔军】,5000～10000元,鼠,53公斤
273,28岁,--,已购车（经济型）,射手座,高中中专及以下,汉族,176cm,独自租房,168740816,26-31岁之间,不限,不限,158-175厘米,浙江绍兴,不限,不限,有照片,绍兴,"离异,有小孩归自己",高级会员,有趣的痴香在四日,5000～10000元,龙,--
274,19岁,--,--,双鱼座,高中中专及以下,--,165cm,--,168919884,18-30岁之间,高中中专及以下或以上,不限,158-175厘米,浙江绍兴,不限,不限,有照片,绍兴,未婚,普通会员,在拉各斯温和的诸葛亮,2000～5000元,虎,--
275,25岁,--,已购车（经济型）,双鱼座,本科,--,175cm,与父母同住,166483495,18-25岁之间,不限,不限,155-170厘米,浙江,未婚,不限,有照片,绍兴,未婚,高级会员,嗨咯你好,5000～10000元,猴,--
276,27岁,B型,已购车（经济型）,巨蟹座,大专,汉族,166cm,已购房（无贷款）,87997027,26-29岁之间,不限,不限,155-165厘米,浙江绍兴,未婚,不限,有照片,绍兴,未婚,普通会员,乐乐,5000～10000元,马,65公斤
277,28岁,保密,已购车（经济型）,射手座,大专,汉族,172cm,已购房（有贷款）,111491210,20-35岁之间,不限,不限,160-180厘米,浙江,未婚,不限,不限,绍兴,未婚,普通会员,晴雨表,10000～20000元,龙,65公斤
278,25岁,B型,暂未购车,双子座,本科,汉族,171cm,住单位房,167273688,18-30岁之间,不限,不限,150-175厘米 *,浙江绍兴,未婚,不限,不限,绍兴,未婚,普通会员,下站幸福,5000～10000元,猴,66公斤
279,23岁,A型,已经购车,白羊座,本科,汉族,170cm,已购房（无贷款）,168602958,18-25岁之间,大专,不限,155-165厘米,浙江绍兴,不限,不限,有照片,绍兴,未婚,普通会员,顺服的杜鹃在威尼斯,5000～10000元,狗,100公斤
280,27岁,--,--,水瓶座,本科,--,175cm,--,168996702,20-27岁之间,本科,不限,160-170厘米,浙江绍兴,未婚,不限,有照片,绍兴,未婚,普通会员,傅lx,5000～10000元,马,--
281,29岁,--,--,双子座,高中中专及以下,--,172cm,--,169090625,19-31岁之间,高中中专及以下或以上,不限,158-175厘米,浙江绍兴,不限,不限,有照片,绍兴,未婚,普通会员,艾片美满的在麦纳麦,5000～10000元,龙,--
282,25岁,--,--,天蝎座,大专,--,175cm,--,169030946,18-30岁之间,高中中专及以下或以上,不限,158-175厘米,浙江绍兴,不限,不限,有照片,绍兴,未婚,普通会员,无尾熊自信的在车上,2000～5000元,羊,--
283,21岁,A型,已购车（中档型）,射手座,高中中专及以下,汉族,170cm,暂未购房,159889836,18-22岁之间,高中中专及以下,不限,158-165厘米,"浙江绍兴,浙江杭州,浙江温州",未婚,不限,有照片,绍兴,未婚,普通会员,F.,5000～10000元,猪,70公斤
284,23岁,O型,已经购车,射手座,大专,汉族,176cm,已购住房,165044032,21-24岁之间,大专或以上,不限,161-165厘米,浙江,未婚,星级会员,有照片,绍兴,未婚,普通会员,赵月华,2000～5000元,鸡,--
285,27岁,B型,--,狮子座,大专,汉族,172cm,已购房（有贷款）,167273930,20-30岁之间,不限,不限,155-170厘米 *,浙江绍兴,未婚,不限,有照片,绍兴,未婚,普通会员,木木,5000～10000元,马,74公斤
286,27岁,--,已购车（中档型）,双鱼座,本科,--,171cm,暂未购房,132003775,22-27岁之间,不限,不限,159-168厘米 *,浙江绍兴,未婚,不限,有照片,绍兴,未婚,普通会员,kevin,10000～20000元,马,55公斤
287,26岁,O型,--,双子座,本科,汉族,178cm,--,168934856,18-30岁之间,大专或以上,不限,158-175厘米,浙江绍兴,不限,不限,有照片,绍兴,未婚,普通会员,笑天倔强的在夏威夷,5000～10000元,羊,65公斤
288,29岁,A型,已购车（豪华型）,狮子座,本科,汉族,181cm,需要时购置,168869513,20-30岁之间,不限,不限,155-170厘米,浙江,不限,不限,有照片,绍兴,未婚,普通会员,禁冬,20000～50000元,龙,75公斤
289,23岁,--,--,天秤座,高中中专及以下,--,168cm,--,168116423,18-30岁之间,高中中专及以下或以上,不限,158-175厘米,浙江绍兴,不限,不限,有照片,绍兴,离异,普通会员,等待着你。爱,2000～5000元,狗,--
290,27岁,--,--,射手座,高中中专及以下,--,168cm,--,169004145,18-30岁之间,高中中专及以下或以上,不限,158-175厘米,浙江绍兴,不限,不限,有照片,绍兴,离异,普通会员,啵啵,2000～5000元,蛇,--
291,28岁,--,--,白羊座,高中中专及以下,--,165cm,--,63095763,24-28岁之间,不限,不限,155-170厘米,浙江绍兴,未婚,不限,有照片,绍兴,未婚,高级会员,现在都在,2000～5000元,蛇,--
292,19岁,--,--,狮子座,大专,--,226cm,--,169003761,18-30岁之间,高中中专及以下或以上,不限,158-175厘米,浙江绍兴,不限,不限,有照片,绍兴,未婚,普通会员,带你去旅游,5000～10000元,虎,--
293,23岁,A型,暂未购车,魔羯座,大专,汉族,166cm,暂未购房,165815121,18-23岁之间,本科或以上,不限,159-164厘米,浙江,未婚,星级会员,有照片,绍兴,未婚,普通会员,向丽菲,2000～5000元,鸡,--
294,22岁,O型,--,白羊座,本科,汉族,174cm,--,161923160,20-30岁之间,不限,不限,155厘米或以上 *,不限,未婚,不限,有照片,绍兴,未婚,普通会员,小二学,5000～10000元,猪,--
295,23岁,--,已购车（中档型）,处女座,大专,--,173cm,已购房（有贷款）,167709470,18-24岁之间,不限,不限,155-170厘米 *,浙江绍兴,未婚,不限,不限,绍兴,未婚,普通会员,老徐,2000～5000元,狗,--
296,18岁,--,--,水瓶座,高中中专及以下,--,175cm,--,168796090,18-30岁之间,高中中专及以下或以上,不限,158-175厘米,浙江绍兴,不限,不限,有照片,绍兴,未婚,普通会员,在沙滩忠心如风,2000～5000元,虎,--
297,30岁,O型,暂未购车,魔羯座,高中中专及以下,汉族,175cm,暂未购房,141127267,18-33岁之间,高中中专及以下,不限,158-175厘米,浙江绍兴,不限,不限,有照片,绍兴,未婚,普通会员,一千年以后,2000～5000元,虎,--
298,27岁,--,--,白羊座,大专,--,172cm,--,167263905,21-28岁之间,高中中专及以下,不限,158-170厘米 *,浙江绍兴,未婚 *,不限,有照片,绍兴,未婚,普通会员,在巴林活力的灵阳,5000～10000元,马,--
299,27岁,--,已购车（经济型）,魔羯座,大专,--,170cm,暂未购房,166618944,18-30岁之间,高中中专及以下,不限,158-175厘米,不限,不限,不限,有照片,绍兴,未婚,普通会员,忐忑的青槐在里斯本,5000～10000元,蛇,--
300,24岁,--,已购车（豪华型）,狮子座,本科,--,180cm,已购房（无贷款）,167531818,18-26岁之间,不限,不限,165-170厘米,浙江绍兴,未婚,不限,有照片,绍兴,未婚,普通会员,yang。,10000～20000元,猴,--
301,24岁,A型,已经购车,处女座,大专,汉族,175cm,已购住房,133331461,23-27岁之间,高中中专及以下,不限,158-175厘米 *,浙江绍兴,未婚 *,不限,有照片,绍兴,未婚,普通会员,余温,5000～10000元,鸡,95公斤
302,22岁,--,--,双子座,高中中专及以下,--,175cm,--,168984360,18-30岁之间,高中中专及以下或以上,不限,158-175厘米,浙江绍兴,不限,不限,有照片,绍兴,未婚,普通会员,伤,5000～10000元,猪,--
303,26岁,O型,已购车（豪华型）,魔羯座,本科,汉族,178cm,与父母同住,163285300,18-26岁之间,不限,不限,155-170厘米,浙江,未婚,不限,有照片,绍兴,未婚,普通会员,mr·y,50000元以上,马,--
304,23岁,--,--,狮子座,高中中专及以下,--,176cm,--,167269293,18-24岁之间,不限,不限,155-170厘米,浙江绍兴,不限,不限,不限,绍兴,未婚,普通会员,飞仔,2000～5000元,狗,--
305,24岁,A型,暂未购车,魔羯座,高中中专及以下,汉族,168cm,暂未购房,167493006,18-30岁之间,高中中专及以下或以上,不限,158-175厘米,浙江绍兴,不限,不限,有照片,绍兴,未婚,普通会员,葬丶,2000元以下,猴,50公斤
306,27岁,--,已购车（中档型）,双鱼座,硕士,--,170cm,暂未购房,164212750,22-28岁之间,本科,不限,155-166厘米 *,浙江,未婚,不限,有照片,绍兴,未婚,普通会员,大佬,5000～10000元,马,--
307,24岁,--,--,巨蟹座,本科,--,177cm,--,168980559,19-31岁之间,大专或以上,不限,158-175厘米,北京,未婚,不限,有照片,绍兴,未婚,普通会员,赖茂俊,10000～20000元,鸡,--
308,25岁,--,--,金牛座,大专,--,176cm,--,168660083,18-26岁之间,不限,不限,155-170厘米,浙江绍兴,不限,不限,有照片,绍兴,未婚,普通会员,小白,2000～5000元,猴,--
309,26岁,--,--,巨蟹座,高中中专及以下,--,170cm,--,167284830,22-27岁之间,不限,不限,158-170厘米 *,不限,未婚,不限,有照片,绍兴,未婚,普通会员,在伯明翰踏实的石榴,5000～10000元,羊,--
310,25岁,其它,已购车（中档型）,天秤座,本科,汉族,172cm,--,148119874,21-28岁之间,本科,不限,158-175厘米 *,浙江,未婚,不限,有照片,绍兴,未婚,普通会员,kiss酷酷,5000～10000元,猴,62公斤
311,31岁,--,--,双子座,本科,--,169cm,--,154893841,18-31岁之间,高中中专及以下或以上,不限,158-164厘米,浙江,未婚,不限,有照片,绍兴,未婚,普通会员,胖子０９１１,2000元以下,虎,--
312,28岁,--,--,水瓶座,高中中专及以下,--,172cm,--,168944434,18-30岁之间,高中中专及以下或以上,不限,158-175厘米,浙江绍兴,不限,不限,有照片,绍兴,未婚,普通会员,西红柿,5000～10000元,龙,--
313,28岁,--,暂未购车,双子座,高中中专及以下,汉族,165cm,已购住房,161549818,18-30岁之间,不限,不限,158-160厘米,不限,不限,不限,有照片,绍兴,未婚,普通会员,心情美好的一天,2000～5000元,蛇,68公斤
314,29岁,--,--,双子座,高中中专及以下,--,170cm,--,168375438,19-31岁之间,高中中专及以下或以上,不限,158-175厘米,浙江绍兴,不限,不限,有照片,绍兴,未婚,普通会员,幻珊坚强的在纽约,10000～20000元,龙,--
315,30岁,--,--,天秤座,本科,--,165cm,--,168868251,19-31岁之间,大专或以上,不限,158-175厘米,北京,未婚,不限,有照片,绍兴,未婚,普通会员,袁略奇,10000～20000元,兔,--
316,18岁,--,--,处女座,高中中专及以下,--,173cm,--,168745190,18-30岁之间,高中中专及以下或以上,不限,158-175厘米,浙江绍兴,不限,不限,有照片,绍兴,未婚,普通会员,梦未醒,2000～5000元,兔,--
317,24岁,保密,--,水瓶座,大专,汉族,176cm,--,161534396,18-25岁之间,不限,不限,158-175厘米 *,浙江,未婚,星级会员,有照片,绍兴,未婚,普通会员,随风,2000～5000元,鸡,86公斤
318,29岁,O型,暂未购车,双子座,高中中专及以下,汉族,171cm,住单位房,168823995,25-32岁之间,高中中专及以下,不限,152-170厘米,浙江绍兴,不限,不限,有照片,绍兴,未婚,普通会员,在荆州逆反的白桃,5000～10000元,龙,74公斤
319,22岁,其它,暂未购车,狮子座,高中中专及以下,其它民族,165cm,暂未购房,167944135,18-30岁之间,高中中专及以下或以上,不限,158-175厘米,浙江绍兴,不限,不限,有照片,绍兴,未婚,普通会员,欣慰的蝎子在格陵兰,5000～10000元,猪,--
320,25岁,--,--,水瓶座,高中中专及以下,--,168cm,--,168931323,18-30岁之间,高中中专及以下或以上,不限,158-175厘米,浙江绍兴,不限,不限,有照片,绍兴,未婚,普通会员,安静的袋鼠在酒吧,2000～5000元,羊,--
321,23岁,--,--,金牛座,高中中专及以下,--,175cm,--,168937225,18-24岁之间,不限,不限,155-170厘米,浙江绍兴,不限,不限,不限,绍兴,未婚,普通会员,幸福的绿花菜在宏村,2000～5000元,狗,--
322,27岁,--,已购车（豪华型）,水瓶座,本科,--,171cm,与父母同住,146590013,18-26岁之间,本科,不限,160-170厘米,不限,不限,不限,有照片,绍兴,未婚,普通会员,萧杰文,5000～10000元,马,--
323,27岁,A型,暂未购车,狮子座,高中中专及以下,其它民族,168cm,与父母同住,161692376,18-28岁之间,不限,不限,155-170厘米 *,不限,未婚,不限,不限,绍兴,未婚,普通会员,小马,5000～10000元,马,51公斤
324,21岁,AB型,--,双子座,高中中专及以下,汉族,168cm,--,158758756,18-20岁之间,不限,不限,158-170厘米 *,贵州六盘水,未婚,不限,有照片,绍兴,未婚,普通会员,沦陷,2000～5000元,鼠,--
325,24岁,--,--,白羊座,大专,--,170cm,--,168671834,18-30岁之间,高中中专及以下,不限,158-175厘米,浙江,不限,不限,有照片,绍兴,未婚,普通会员,紧张的泥鳅,2000～5000元,鸡,55公斤
326,23岁,--,已购车（经济型）,天蝎座,高中中专及以下,汉族,178cm,与父母同住,151754615,18-24岁之间,不限,不限,155-170厘米 *,浙江绍兴,未婚,不限,有照片,绍兴,未婚,高级会员,执念,2000～5000元,鸡,74公斤
327,24岁,--,--,处女座,高中中专及以下,--,165cm,--,138825121,18-21岁之间,不限,不限,155-170厘米,浙江,未婚,不限,有照片,绍兴,未婚,普通会员,爱你一世,2000～5000元,鸡,--
328,24岁,--,--,天秤座,高中中专及以下,--,178cm,--,168680165,18-25岁之间,不限,不限,160-175厘米,浙江绍兴,未婚,不限,不限,绍兴,未婚,普通会员,栋栋_,2000～5000元,鸡,--
329,28岁,--,--,白羊座,本科,--,188cm,--,104155242,18-24岁之间,不限,不限,160-175厘米,浙江,未婚,不限,有照片,绍兴,未婚,普通会员,123,5000～10000元,蛇,82公斤
330,18岁,A型,暂未购车,金牛座,大专,汉族,160cm,住单位房,167147885,19-31岁之间,高中中专及以下,不限,158-167厘米 *,浙江绍兴,未婚 *,不限,有照片,绍兴,未婚,普通会员,等你的归来,2000元以下,兔,50公斤
331,24岁,--,--,狮子座,高中中专及以下,--,180cm,--,168747135,18-24岁之间,不限,不限,155-170厘米,浙江,未婚,不限,有照片,绍兴,未婚,普通会员,你到底爱谁,20000～50000元,鸡,--
332,19岁,--,--,天秤座,高中中专及以下,--,170cm,--,168791701,18-30岁之间,高中中专及以下或以上,不限,158-175厘米,浙江绍兴,不限,不限,有照片,绍兴,未婚,普通会员,一九九七,2000～5000元,牛,--
333,25岁,--,--,双鱼座,大专,--,173cm,--,168545444,18-26岁之间,不限,不限,155-170厘米,浙江绍兴,不限,星级会员,有照片,绍兴,未婚,普通会员,火火,5000～10000元,猴,--
334,29岁,--,暂未购车,金牛座,高中中专及以下,汉族,168cm,独自租房,167894724,18-30岁之间,高中中专及以下,不限,158-175厘米 *,浙江绍兴,未婚 *,不限,有照片,绍兴,未婚,普通会员,在停车场可爱的油菜,2000～5000元,龙,--
335,30岁,O型,已购车（经济型）,射手座,本科,汉族,175cm,需要时购置,166164806,21-31岁之间,不限,不限,155-170厘米,浙江,未婚,不限,有照片,绍兴,未婚,普通会员,辉哥,10000～20000元,虎,--
336,26岁,O型,已经购车,金牛座,大专,汉族,182cm,与父母同住,168875055,18-30岁之间,高中中专及以下或以上,不限,158-175厘米,浙江绍兴,不限,不限,有照片,绍兴,未婚,普通会员,小宇,5000～10000元,羊,73公斤
337,29岁,--,已购车（经济型）,双鱼座,大专,--,175cm,与父母同住,142928087,20-28岁之间,不限,不限,155-170厘米,浙江绍兴,不限,不限,不限,绍兴,未婚,普通会员,周小凡,5000～10000元,龙,--
338,31岁,B型,暂未购车,双鱼座,本科,汉族,176cm,需要时购置,160804243,25-34岁之间,大专,不限,158-175厘米,浙江,不限,星级会员 *,有照片,绍兴,未婚,普通会员,Bouren,5000～10000元,虎,--
339,21岁,--,暂未购车,魔羯座,大专,--,175cm,--,168717388,20-25岁之间,不限,不限,155-170厘米 *,浙江绍兴,未婚,不限,有照片,绍兴,未婚,普通会员,在电影院依赖的从寒,2000元以下,猪,--
340,27岁,AB型,暂未购车,射手座,大专,汉族,171cm,已购住房,168688282,23-28岁之间,不限,不限,152-165厘米 *,浙江绍兴,未婚,不限,有照片,绍兴,未婚,普通会员,冰枫赞许的在五台山,2000～5000元,蛇,65公斤
341,28岁,A型,暂未购车,狮子座,高中中专及以下,汉族,166cm,需要时购置,54666766,22-28岁之间,不限,不限,155-170厘米,浙江,未婚,不限,有照片,绍兴,未婚,高级会员,路人,10000～20000元,蛇,70公斤
342,23岁,A型,暂未购车,射手座,高中中专及以下,汉族,170cm,已购房（无贷款）,167918653,18-27岁之间,不限,不限,155-170厘米,浙江,未婚,不限,有照片,绍兴,未婚,普通会员,Miss  徐,5000～10000元,猪,63公斤
343,22岁,--,--,处女座,本科,--,185cm,--,168888454,18-23岁之间,不限,不限,165-175厘米,浙江绍兴,未婚,不限,有照片,绍兴,未婚,普通会员,GxF,2000～5000元,猪,--
344,31岁,--,暂未购车,双鱼座,本科,汉族,180cm,暂未购房,118798796,25-29岁之间,本科,不限,160-170厘米,浙江绍兴,未婚,星级会员,有照片,绍兴,未婚,普通会员,北欧冰城,2000元以下,虎,--
345,23岁,--,--,金牛座,高中中专及以下,--,173cm,--,150813893,18-22岁之间,不限,不限,155-170厘米,浙江,未婚,不限,有照片,绍兴,未婚,高级会员,跟着心去流浪,5000～10000元,狗,--
346,28岁,--,--,狮子座,高中中专及以下,--,175cm,--,168863429,18-30岁之间,高中中专及以下或以上,不限,158-175厘米,浙江绍兴,不限,不限,有照片,绍兴,未婚,普通会员,憨笑的甜椒在莫干山,5000～10000元,蛇,--
347,28岁,A型,已购车（豪华型）,射手座,大专,汉族,177cm,已购房（有贷款）,159391269,18-30岁之间,不限,不限,155-199厘米 *,"浙江绍兴,浙江杭州,浙江宁波",未婚,不限,有照片,绍兴,未婚,高级会员,kelecjl,20000～50000元,龙,65公斤
348,26岁,--,--,双子座,本科,--,168cm,--,168889575,18-30岁之间,大专或以上,不限,158-175厘米,浙江绍兴,不限,不限,有照片,绍兴,未婚,普通会员,兴奋的染歌在石林,2000元以下,羊,--
349,22岁,--,已经购车,射手座,本科,--,170cm,与父母同住,168866608,18-30岁之间,大专或以上,不限,158-175厘米,浙江绍兴,不限,不限,有照片,绍兴,未婚,普通会员,逐乐,5000～10000元,狗,--
350,29岁,--,--,处女座,高中中专及以下,--,168cm,--,168734341,19-31岁之间,高中中专及以下或以上,不限,158-175厘米,浙江绍兴,不限,不限,有照片,绍兴,离异,普通会员,勤奋的怜菡在坎昆,5000～10000元,龙,--
351,29岁,--,暂未购车,处女座,本科,汉族,171cm,与父母同住,89016245,23-25岁之间,本科或以上,不限,155-165厘米,浙江绍兴,未婚,不限,有照片,绍兴,未婚,普通会员,小民,2000～5000元,龙,65公斤
352,25岁,A型,暂未购车,魔羯座,本科,汉族,173cm,与父母同住,142492837,18岁或以上,不限,不限,155-180厘米 *,浙江绍兴,未婚,不限,有照片,绍兴,未婚,高级会员,心境,5000～10000元,羊,--
353,27岁,--,--,双子座,高中中专及以下,--,170cm,--,168684936,22-28岁之间,不限,不限,155-170厘米,浙江绍兴,未婚,不限,不限,绍兴,未婚,普通会员,沈洁,2000～5000元,马,--
354,31岁,AB型,暂未购车,巨蟹座,大专,汉族,168cm,住单位房,168791639,21-33岁之间,高中中专及以下或以上,不限,158-175厘米,浙江绍兴,不限,不限,有照片,绍兴,"离异,有小孩归对方",高级会员,昆,2000～5000元,虎,--
355,23岁,--,--,天蝎座,大专,--,170cm,--,168125643,18-30岁之间,高中中专及以下或以上,不限,158-175厘米,浙江绍兴,不限,不限,有照片,绍兴,未婚,普通会员,小峰峰,2000～5000元,鸡,--
356,30岁,B型,暂未购车,双子座,高中中专及以下,汉族,172cm,与父母同住,167092493,18-33岁之间,本科,不限,160-175厘米 *,浙江绍兴,未婚,不限,有照片,绍兴,未婚,普通会员,在塞舌尔喜悦的留兰香,5000～10000元,兔,60公斤
357,24岁,O型,暂未购车,处女座,大专,汉族,177cm,与父母同住,130262949,19-21岁之间,大专,汉族,155-170厘米,浙江绍兴,未婚,不限,有照片,绍兴,未婚,普通会员,寻找那个她,2000元以下,鸡,64公斤
358,31岁,--,--,双鱼座,本科,--,179cm,--,168482037,30-40岁之间,不限,不限,155-170厘米,浙江绍兴,不限,不限,有照片,绍兴,未婚,普通会员,门前小鸭子,5000～10000元,虎,--
359,20岁,--,--,魔羯座,高中中专及以下,汉族,175cm,住单位房,168658052,18-25岁之间,不限,不限,150-175厘米 *,浙江绍兴,未婚,不限,不限,绍兴,未婚,普通会员,生石花幸福的在剧院,2000～5000元,牛,60公斤
360,25岁,B型,暂未购车,天蝎座,本科,汉族,168cm,已购房（无贷款）,166781840,18-30岁之间,不限,不限,150-175厘米 *,浙江绍兴,未婚,不限,有照片,绍兴,未婚,高级会员,黑,5000～10000元,羊,58公斤
361,22岁,--,--,双子座,本科,--,168cm,--,166692243,18-30岁之间,大专或以上,不限,158-175厘米,浙江绍兴,不限,不限,有照片,绍兴,未婚,普通会员,罗嗦的雪兰在东帝汶,5000～10000元,猪,--
362,20岁,--,--,处女座,本科,--,172cm,--,168603002,18-30岁之间,大专或以上,不限,158-175厘米,浙江绍兴,不限,不限,有照片,绍兴,未婚,普通会员,华丽的雪菜在曼谷,2000元以下,牛,--
363,30岁,--,--,处女座,高中中专及以下,--,168cm,--,168859831,20-32岁之间,高中中专及以下或以上,不限,158-175厘米,浙江绍兴,不限,不限,有照片,绍兴,未婚,普通会员,梦槐有爱的在摩纳哥,2000～5000元,兔,--
364,21岁,--,已购车（经济型）,射手座,大专,--,178cm,已购房（有贷款）,168842212,18-23岁之间,不限,不限,155-170厘米,浙江绍兴,未婚,不限,有照片,绍兴,未婚,普通会员,忘川,10000～20000元,猪,--
365,25岁,B型,暂未购车,双子座,本科,汉族,174cm,暂未购房,168814989,22-25岁之间,大专或以上,不限,169-172厘米,浙江,未婚,星级会员,有照片,绍兴,未婚,普通会员,彭宁,2000～5000元,猴,--
366,30岁,O型,已购车（豪华型）,魔羯座,硕士,汉族,173cm,已购房（无贷款）,164531592,25-32岁之间,不限,汉族,155-167厘米,浙江绍兴,未婚、离异,不限,有照片,绍兴,未婚,普通会员,半醉半醒半浮生,10000～20000元,虎,70公斤
367,29岁,--,--,双子座,本科,--,168cm,--,168290930,19-31岁之间,大专或以上,不限,158-175厘米,浙江绍兴,不限,不限,有照片,绍兴,未婚,普通会员,蠢萌的岩雷鸟在墨西哥,2000元以下,龙,--
368,32岁,--,已经购车,巨蟹座,高中中专及以下,--,176cm,--,148206365,28-32岁之间,不限,不限,155-170厘米,不限,离异,不限,不限,绍兴,离异,普通会员,平凡的人,5000～10000元,牛,69公斤
369,30岁,--,--,狮子座,大专,--,172cm,--,168572223,20-32岁之间,高中中专及以下或以上,不限,158-175厘米,浙江绍兴,不限,不限,有照片,绍兴,未婚,普通会员,默然,5000～10000元,兔,--
370,22岁,--,--,巨蟹座,大专,--,168cm,--,168677011,18-30岁之间,高中中专及以下或以上,不限,158-175厘米,浙江绍兴,不限,不限,有照片,绍兴,未婚,普通会员,未败de战役哥,5000～10000元,猪,--
371,29岁,--,--,双子座,大专,--,168cm,--,168633264,19-31岁之间,高中中专及以下或以上,不限,158-175厘米,浙江绍兴,不限,不限,有照片,绍兴,离异,高级会员,不忘初心,5000～10000元,龙,--
372,22岁,--,已购车（经济型）,双子座,高中中专及以下,--,180cm,暂未购房,168828131,18-23岁之间,不限,不限,155-170厘米,浙江绍兴,不限,不限,不限,绍兴,未婚,普通会员,寻觅,2000～5000元,猪,--
373,29岁,--,--,双子座,高中中专及以下,--,170cm,--,152111775,18-30岁之间,高中中专及以下或以上,不限,158-175厘米,浙江绍兴,不限,不限,有照片,绍兴,离异,普通会员,单亲爸爸,5000～10000元,龙,--
374,32岁,--,--,射手座,本科,--,170cm,--,167311428,34岁或以上,不限,不限,155-170厘米,浙江绍兴,不限,不限,不限,绍兴,未婚,普通会员,和谐的怜晴在巴黎,10000～20000元,鼠,--
375,26岁,--,--,天秤座,大专,--,170cm,--,167976354,25-28岁之间,不限,不限,155-170厘米,浙江绍兴,未婚,不限,不限,绍兴,未婚,普通会员,小胖胖,5000～10000元,羊,--
376,24岁,--,--,射手座,高中中专及以下,--,170cm,--,168639907,18-30岁之间,高中中专及以下或以上,不限,158-175厘米,浙江绍兴,不限,不限,有照片,绍兴,未婚,普通会员,韶澜蓝,2000元以下,猴,--
377,27岁,--,--,双子座,大专,汉族,175cm,--,167771833,18-30岁之间,高中中专及以下,不限,158-175厘米 *,浙江绍兴,未婚 *,不限,有照片,绍兴,未婚,普通会员,天道酬勤,5000～10000元,马,--
378,28岁,A型,已经购车,金牛座,本科,汉族,165cm,--,73945941,23-27岁之间,不限,不限,155-165厘米 *,浙江绍兴,未婚,不限,有照片,绍兴,未婚,普通会员,擦身而过,5000～10000元,蛇,61公斤
379,29岁,A型,暂未购车,水瓶座,大专,--,170cm,住单位房,71717731,23-32岁之间,不限,不限,158-170厘米,"浙江,广西,广东",未婚、离异,不限,不限,绍兴,未婚,普通会员,美男子,5000～10000元,兔,--
380,22岁,--,--,狮子座,高中中专及以下,--,180cm,--,168519753,18-23岁之间,不限,不限,155-170厘米,浙江绍兴,不限,不限,不限,绍兴,未婚,普通会员,路轩,5000～10000元,猪,--
381,29岁,B型,暂未购车,水瓶座,本科,满族,172cm,需要时购置,114001160,25-29岁之间,本科,不限,163-180厘米 *,不限,未婚,不限,有照片,绍兴,未婚,普通会员,翱翔,5000～10000元,兔,72公斤
382,29岁,A型,暂未购车,水瓶座,高中中专及以下,汉族,168cm,已购住房,110790401,23-26岁之间,高中中专及以下,不限,165-170厘米,浙江绍兴,未婚,不限,有照片,绍兴,未婚,普通会员,爱情弱比零,2000～5000元,兔,--
383,29岁,O型,已经购车,狮子座,本科,汉族,172cm,已购住房,94320870,20-27岁之间,不限,不限,160-175厘米,浙江绍兴,未婚,星级会员,有照片,绍兴,未婚,普通会员,寻梦缘,5000～10000元,龙,--
384,28岁,保密,暂未购车,水瓶座,高中中专及以下,汉族,165cm,已购住房,149316271,22-27岁之间,不限,汉族,150-163厘米,浙江绍兴,未婚,不限,有照片,绍兴,未婚,普通会员,玫瑰人生,2000～5000元,龙,60公斤
385,23岁,--,--,巨蟹座,本科,--,174cm,--,168549170,18-30岁之间,不限,不限,158-175厘米 *,浙江绍兴,未婚,不限,有照片,绍兴,未婚,普通会员,天天,2000～5000元,狗,--
386,19岁,--,--,处女座,高中中专及以下,--,180cm,--,168783233,18-30岁之间,高中中专及以下或以上,不限,158-175厘米,浙江绍兴,不限,不限,有照片,绍兴,未婚,普通会员,韩国草外向的在琅琊山,5000～10000元,虎,--
387,24岁,A型,暂未购车,白羊座,大专,汉族,165cm,与父母同住,156901014,20-25岁之间,不限,不限,158-160厘米 *,浙江绍兴,未婚,星级会员,有照片,绍兴,未婚,普通会员,木化石,5000～10000元,鸡,65公斤
388,26岁,O型,暂未购车,水瓶座,高中中专及以下,汉族,176cm,暂未购房,142641943,18-30岁之间,不限,不限,158-175厘米,不限,未婚,不限,有照片,绍兴,未婚,普通会员,秦建伟,5000～10000元,马,61公斤
389,24岁,A型,暂未购车,射手座,大专,汉族,175cm,与父母同住,162114300,18-24岁之间,大专,不限,155-170厘米 *,浙江绍兴,未婚,不限,有照片,绍兴,未婚,普通会员,夏恋情,5000～10000元,猴,85公斤
390,27岁,A型,--,处女座,高中中专及以下,汉族,170cm,--,165953248,24-32岁之间,不限,不限,150-170厘米,不限,离异,不限,有照片,绍兴,"离异,有小孩归自己",普通会员,请真心相待,5000～10000元,马,55公斤
391,32岁,A型,--,天秤座,本科,汉族,170cm,已购房（有贷款）,139384804,23-35岁之间,不限,不限,155-170厘米,江西鹰潭,不限,不限,有照片,绍兴,离异,普通会员,真诚,2000～5000元,牛,62公斤
392,31岁,--,--,水瓶座,大专,--,173cm,--,112945530,18-30岁之间,不限,不限,156-170厘米,不限,未婚,不限,有照片,绍兴,未婚,普通会员,佳缘会员,5000～10000元,牛,--
393,23岁,--,--,处女座,本科,--,183cm,--,168526777,18-24岁之间,不限,不限,155-170厘米,浙江绍兴,不限,不限,不限,绍兴,未婚,普通会员,一米八三小短腿,5000～10000元,狗,--
394,29岁,--,--,狮子座,大专,--,183cm,--,71211322,18-23岁之间,不限,不限,155-170厘米,浙江,未婚,不限,有照片,绍兴,未婚,普通会员,小白豆丁米,2000～5000元,龙,--
395,27岁,A型,暂未购车,天蝎座,本科,汉族,170cm,已购住房,91916747,20-27岁之间,不限,不限,155-170厘米,浙江,未婚,不限,有照片,绍兴,未婚,普通会员,丶安静唱完这(1)首。,2000～5000元,蛇,--
396,27岁,A型,暂未购车,天秤座,本科,汉族,170cm,已购住房,165815476,23-30岁之间,大专,不限,158-175厘米,浙江绍兴,不限,不限,有照片,绍兴,未婚,普通会员,碧菡勤奋的在威海,5000～10000元,马,--
397,26岁,A型,--,狮子座,大专,汉族,168cm,--,168546958,18-30岁之间,高中中专及以下或以上,不限,158-175厘米,浙江绍兴,不限,不限,有照片,绍兴,未婚,普通会员,一米阳光,5000～10000元,羊,55公斤
398,30岁,O型,已经购车,双子座,高中中专及以下,汉族,170cm,与父母同住,166606238,20-34岁之间,不限,不限,158-170厘米,不限,不限,不限,有照片,绍兴,未婚,普通会员,多动的枸桔在海地岛,2000～5000元,兔,80公斤
399,27岁,保密,暂未购车,白羊座,大专,汉族,168cm,暂未购房,168352794,22-30岁之间,高中中专及以下,不限,158-175厘米 *,不限,未婚 *,不限,有照片,绍兴,未婚,普通会员,寻一人以渡余生,2000～5000元,马,54公斤
400,28岁,O型,暂未购车,天蝎座,本科,汉族,172cm,独自租房,93908867,20-28岁之间,不限,不限,158-178厘米,不限,未婚,不限,不限,绍兴,未婚,普通会员,戴老板,5000～10000元,龙,65公斤
401,27岁,--,--,天秤座,大专,--,171cm,--,167992420,18-30岁之间,高中中专及以下或以上,不限,158-175厘米,浙江绍兴,不限,不限,有照片,绍兴,未婚,普通会员,低调一点,10000～20000元,马,--
402,24岁,--,--,白羊座,本科,--,176cm,--,168791254,18-25岁之间,不限,不限,155-170厘米,浙江绍兴,不限,不限,不限,绍兴,未婚,普通会员,baest,5000～10000元,鸡,--
403,29岁,--,--,水瓶座,高中中专及以下,--,176cm,--,166224784,19-31岁之间,高中中专及以下或以上,不限,158-175厘米,浙江绍兴,不限,不限,有照片,绍兴,离异,普通会员,企鹅勤劳的在安第斯,5000～10000元,兔,--
404,22岁,--,已购车（经济型）,金牛座,高中中专及以下,--,175cm,暂未购房,163772084,22-25岁之间,不限,不限,158-175厘米 *,安徽,未婚,不限,不限,绍兴,未婚,普通会员,白易幽默的在罗马,2000～5000元,猪,--
405,23岁,--,--,狮子座,本科,--,172cm,--,168792250,18-25岁之间,不限,不限,150-170厘米,浙江绍兴,未婚,不限,不限,绍兴,未婚,普通会员,树上的风,10000～20000元,猪,56公斤
406,28岁,A型,已购车（经济型）,双子座,本科,汉族,175cm,暂未购房,134142157,18-26岁之间,不限,不限,155-170厘米,浙江,未婚,不限,有照片,绍兴,未婚,普通会员,无痕,5000～10000元,蛇,140公斤
407,31岁,--,--,天秤座,高中中专及以下,--,163cm,--,166243487,21-33岁之间,高中中专及以下或以上,不限,158-175厘米,浙江绍兴,不限,不限,有照片,绍兴,未婚,普通会员,沉默,5000～10000元,虎,--
408,25岁,--,--,巨蟹座,高中中专及以下,--,180cm,--,116976265,18-24岁之间,高中中专及以下或以上,不限,158-175厘米,浙江绍兴,未婚,不限,有照片,绍兴,未婚,普通会员,风,5000～10000元,猴,--
409,27岁,--,--,巨蟹座,高中中专及以下,--,180cm,--,167595457,18-30岁之间,高中中专及以下或以上,不限,158-175厘米,浙江绍兴,不限,不限,有照片,绍兴,未婚,普通会员,紧张的惜雪在塞班岛,10000～20000元,马,--
410,29岁,保密,已购车（中档型）,双鱼座,本科,汉族,181cm,已购房（无贷款）,150520852,21-29岁之间,不限,不限,155-177厘米,浙江绍兴,未婚,不限,有照片,绍兴,未婚,普通会员,流年,20000～50000元,龙,75公斤
411,21岁,--,--,双子座,高中中专及以下,--,171cm,--,167794997,18-30岁之间,高中中专及以下或以上,不限,158-175厘米,浙江绍兴,不限,不限,有照片,绍兴,未婚,普通会员,叶子花满足的在棉花堡,2000元以下,鼠,--
412,27岁,O型,暂未购车,水瓶座,本科,汉族,175cm,住单位房,168515071,25-28岁之间,不限,不限,155-170厘米 *,安徽六安,未婚,不限,有照片,绍兴,未婚,普通会员,错觉,5000～10000元,马,67公斤
413,25岁,--,--,双子座,本科,--,172cm,--,166800574,18-24岁之间,本科,不限,158-175厘米 *,浙江绍兴,未婚,不限,有照片,绍兴,未婚,普通会员,恨瑶轻松的在机场,5000～10000元,猴,--
414,24岁,A型,暂未购车,射手座,高中中专及以下,汉族,172cm,暂未购房,83580498,20-25岁之间,不限,不限,155-170厘米,浙江,未婚,不限,有照片,绍兴,未婚,普通会员,♂似水流年的倔强悲伤～,5000～10000元,猴,--
415,24岁,--,--,处女座,大专,--,168cm,--,166985036,不限,不限,不限,150-170厘米,不限,不限,不限,有照片,绍兴,未婚,普通会员,担心的斑马在日本,2000元以下,鸡,--
416,29岁,A型,暂未购车,双子座,高中中专及以下,汉族,170cm,独自租房,168674469,19-31岁之间,高中中专及以下或以上,不限,158-175厘米,浙江绍兴,不限,不限,有照片,绍兴,未婚,普通会员,抬头丶阳光依然美丽,2000～5000元,龙,51公斤
417,26岁,--,--,白羊座,本科,--,175cm,--,151063390,18-25岁之间,不限,不限,155-170厘米,浙江,未婚,不限,有照片,绍兴,未婚,普通会员,阿冰,10000～20000元,羊,--
418,21岁,保密,--,水瓶座,大专,汉族,170cm,--,167632020,18-30岁之间,不限,不限,150-175厘米 *,浙江,未婚,不限,有照片,绍兴,未婚,普通会员,海边的奔跑,2000～5000元,猪,54公斤
419,27岁,O型,暂未购车,天秤座,双学士,汉族,185cm,需要时购置,168500211,18-30岁之间,不限,不限,160-185厘米 *,浙江,未婚,不限,有照片,绍兴,未婚,普通会员,相知相爱,20000～50000元,马,62公斤
420,24岁,--,已经购车,双子座,高中中专及以下,--,170cm,与父母同住,163964047,18-25岁之间,不限,不限,158-170厘米,浙江绍兴,不限,不限,有照片,绍兴,未婚,高级会员,扑街,5000～10000元,鸡,--
421,25岁,--,--,魔羯座,大专,--,172cm,--,161363867,18-30岁之间,高中中专及以下或以上,不限,158-175厘米,浙江绍兴,不限,不限,有照片,绍兴,未婚,普通会员,在瑞士简洁的书雪,5000～10000元,羊,--
422,28岁,--,暂未购车,天秤座,高中中专及以下,汉族,171cm,--,167384641,21-29岁之间,不限,不限,155-170厘米 *,不限,未婚,不限,不限,绍兴,未婚,普通会员,品格,5000～10000元,蛇,72公斤
423,28岁,其它,暂未购车,处女座,高中中专及以下,汉族,160cm,住单位房,164362480,18-30岁之间,高中中专及以下,不限,155-160厘米,浙江绍兴,不限,不限,有照片,绍兴,未婚,普通会员,大黄温暖的在苏黎世,2000～5000元,蛇,60公斤
424,30岁,--,已经购车,金牛座,本科,--,174cm,已购住房,120081243,20-28岁之间,不限,不限,155-170厘米,浙江绍兴,不限,不限,不限,绍兴,未婚,普通会员,载得有情人,20000～50000元,兔,--
425,32岁,A型,已经购车,射手座,大专,汉族,168cm,已购房（无贷款）,167360917,23-35岁之间,高中中专及以下或以上,不限,158-175厘米,浙江绍兴,不限,不限,有照片,绍兴,"离异,有小孩归对方",普通会员,孤客,5000～10000元,鼠,65公斤
426,29岁,--,已经购车,双子座,大专,--,170cm,需要时购置,167374693,19-31岁之间,不限,不限,150-172厘米,浙江绍兴,不限,不限,有照片,绍兴,未婚,普通会员,诗云感激的在奥克兰,5000～10000元,龙,70公斤
427,26岁,--,已购车（豪华型）,白羊座,大专,--,184cm,已购房（无贷款）,164473987,20-30岁之间,大专,不限,162-170厘米 *,浙江绍兴,未婚,不限,有照片,绍兴,未婚,普通会员,小丑落幕,10000～20000元,羊,80公斤
428,25岁,--,--,双子座,大专,--,171cm,--,165851703,18-30岁之间,高中中专及以下或以上,不限,158-175厘米,浙江绍兴,不限,不限,有照片,绍兴,未婚,普通会员,兴奋的代芹在沙漠,5000～10000元,猴,--
429,25岁,--,--,水瓶座,大专,--,175cm,--,167617819,18-30岁之间,高中中专及以下或以上,不限,158-175厘米,浙江绍兴,不限,不限,有照片,绍兴,未婚,普通会员,在格拉斯壮观的海绵,5000～10000元,羊,--
430,22岁,--,--,狮子座,高中中专及以下,--,170cm,--,167363905,18-30岁之间,高中中专及以下,不限,158-175厘米 *,不限,未婚 *,不限,有照片,绍兴,未婚,普通会员,黯然销魂者,2000～5000元,猪,--
431,29岁,--,--,魔羯座,本科,--,175cm,--,168470860,19-29岁之间,不限,不限,155-170厘米,浙江,未婚,不限,有照片,绍兴,未婚,普通会员,爱燃烧不停止,5000～10000元,兔,--
432,29岁,其它,已经购车,巨蟹座,高中中专及以下,汉族,172cm,暂未购房,105268501,18-25岁之间,不限,不限,160-170厘米,浙江,未婚,不限,有照片,绍兴,未婚,普通会员,大叔,20000～50000元,龙,--
433,32岁,A型,暂未购车,狮子座,本科,汉族,175cm,已购房（有贷款）,149696808,26-32岁之间,本科,不限,158-170厘米,浙江,未婚,不限,有照片,绍兴,未婚,普通会员,东北,5000～10000元,牛,--
434,30岁,A型,已购车（中档型）,金牛座,高中中专及以下,汉族,165cm,已购房（有贷款）,151315156,22-30岁之间,不限,不限,155-170厘米,不限,未婚,不限,不限,绍兴,未婚,普通会员,孤身奋进,5000～10000元,兔,53公斤
435,32岁,--,--,双鱼座,高中中专及以下,--,170cm,--,109238396,19-29岁之间,不限,不限,155-170厘米,浙江,未婚,不限,有照片,绍兴,未婚,普通会员,无声的走远,5000～10000元,牛,--
436,31岁,O型,--,射手座,硕士,汉族,173cm,已购住房,98739019,22-31岁之间,大专,汉族,155-170厘米,浙江绍兴,未婚、离异,星级会员,有照片,绍兴,"离异,无小孩",普通会员,老朋友i,5000～10000元,牛,60公斤
437,23岁,--,--,巨蟹座,本科,--,165cm,--,168679511,18-24岁之间,大专,不限,155-170厘米,浙江绍兴,未婚,星级会员,有照片,绍兴,未婚,普通会员,柯岩1994,2000～5000元,狗,--
438,21岁,--,--,射手座,高中中专及以下,--,165cm,--,168657970,18-30岁之间,高中中专及以下或以上,不限,158-175厘米,浙江绍兴,不限,不限,有照片,绍兴,未婚,普通会员,只想找到对的你,5000～10000元,猪,60公斤
439,18岁,其它,暂未购车,天蝎座,高中中专及以下,其它民族,170cm,独自租房,159050302,18岁,不限,不限,170厘米,浙江,未婚,不限,有照片,绍兴,未婚,普通会员,A 安晓东,2000元以下,虎,--
440,28岁,O型,已购车（经济型）,处女座,本科,满族,169cm,需要时购置,161044037,22-26岁之间,不限,不限,153-160厘米 *,不限,未婚,不限,有照片,绍兴,未婚,高级会员,高玉龙,20000～50000元,蛇,50公斤
441,20岁,--,--,魔羯座,本科,--,170cm,--,168676917,18-30岁之间,大专或以上,不限,158-175厘米,浙江绍兴,不限,不限,有照片,绍兴,未婚,普通会员,琉璃,5000～10000元,鼠,--
442,22岁,--,--,金牛座,大专,--,170cm,--,168477226,18-30岁之间,高中中专及以下或以上,不限,158-175厘米,浙江绍兴,不限,不限,有照片,绍兴,未婚,普通会员,温和的听白在秦岭,2000～5000元,猪,--
443,29岁,--,--,双子座,高中中专及以下,汉族,160cm,与父母同住,147885388,20-32岁之间,高中中专及以下,不限,155-165厘米,上海,不限,不限,有照片,绍兴,未婚,普通会员,于俊杰,5000～10000元,龙,55公斤
444,28岁,AB型,暂未购车,天蝎座,高中中专及以下,汉族,170cm,已购房（无贷款）,153206400,24-29岁之间,高中中专及以下,不限,158-175厘米,重庆涪陵,未婚,不限,有照片,绍兴,未婚,普通会员,孙山龙,2000～5000元,龙,98公斤
445,23岁,--,--,水瓶座,高中中专及以下,汉族,177cm,--,167346800,18-30岁之间,不限,不限,158-175厘米,不限,不限,不限,有照片,绍兴,未婚,普通会员,在马赛壮观的宙斯,5000～10000元,鸡,60公斤
446,29岁,--,--,双子座,本科,--,168cm,--,153535016,18-30岁之间,大专或以上,不限,158-175厘米,浙江绍兴,不限,不限,有照片,绍兴,丧偶,普通会员,乞丐王子,5000～10000元,龙,--
447,29岁,--,--,双子座,本科,--,168cm,--,168425530,19-31岁之间,大专或以上,不限,158-175厘米,浙江绍兴,不限,不限,有照片,绍兴,未婚,普通会员,慈善的灵猫在瓜岛,5000～10000元,龙,--
448,23岁,AB型,已经购车,双子座,本科,汉族,175cm,与父母同住,165175571,20-25岁之间,不限,不限,160-175厘米 *,浙江绍兴,未婚,不限,有照片,绍兴,未婚,普通会员,矛盾逻辑,2000～5000元,狗,75公斤
449,27岁,--,已经购车,双鱼座,本科,--,168cm,已购住房,164184233,20-29岁之间,大专,不限,160-170厘米 *,浙江,未婚,不限,有照片,绍兴,未婚,普通会员,忆随风,5000～10000元,马,--
450,26岁,--,--,双鱼座,本科,--,172cm,--,103323108,18-24岁之间,本科,不限,155-170厘米,浙江,未婚,不限,有照片,绍兴,未婚,普通会员,稻草人,2000～5000元,羊,--
451,22岁,--,--,魔羯座,本科,--,178cm,--,168646544,18-30岁之间,大专或以上,不限,158-175厘米,浙江绍兴,不限,不限,有照片,绍兴,未婚,普通会员,换一个梦好了,2000～5000元,狗,--
452,29岁,O型,已经购车,双鱼座,大专,汉族,170cm,与父母同住,133229601,23-32岁之间,不限,不限,155-170厘米,浙江绍兴,不限,不限,有照片,绍兴,"离异,无小孩",高级会员,可伶娃,20000～50000元,龙,--
453,22岁,--,--,魔羯座,本科,--,172cm,--,168567828,18-30岁之间,本科或以上,不限,158-175厘米,浙江绍兴,不限,不限,有照片,绍兴,未婚,普通会员,姚绫姒,50000元以上,狗,--
454,29岁,B型,已购车（经济型）,处女座,本科,汉族,170cm,暂未购房,127325112,18-26岁之间,不限,不限,155-170厘米,浙江,未婚,不限,有照片,绍兴,未婚,普通会员,孤独的小孩,5000～10000元,龙,70公斤
455,31岁,--,已购车（经济型）,狮子座,大专,汉族,168cm,与父母同住,162218975,26-33岁之间,不限,不限,155-165厘米 *,浙江,未婚,不限,不限,绍兴,未婚,普通会员,任剑波,5000～10000元,虎,56公斤
456,31岁,--,--,双子座,本科,--,172cm,--,37493681,18-24岁之间,不限,不限,155-170厘米,浙江,未婚,不限,有照片,绍兴,未婚,普通会员,晓斑,2000元以下,虎,--
457,25岁,--,暂未购车,狮子座,大专,汉族,173cm,与父母同住,166468694,18-26岁之间,不限,不限,158-172厘米 *,江西,未婚,不限,有照片,绍兴,未婚,普通会员,忆苦思甜,5000～10000元,猴,56公斤
458,32岁,--,--,巨蟹座,本科,--,166cm,--,168555516,19-31岁之间,大专或以上,不限,158-175厘米,北京,未婚,不限,有照片,绍兴,未婚,普通会员,阙高远,10000～20000元,牛,--
459,28岁,--,--,双鱼座,本科,--,168cm,--,168592939,18-30岁之间,大专或以上,不限,158-175厘米,浙江绍兴,不限,不限,有照片,绍兴,未婚,普通会员,为爱执着,2000～5000元,蛇,--
460,24岁,O型,--,狮子座,高中中专及以下,彝族,163cm,--,160716746,18-23岁之间,高中中专及以下,不限,158-162厘米 *,浙江绍兴,未婚 *,不限,有照片,绍兴,未婚,普通会员,海豚甜美的在京都,2000～5000元,鸡,55公斤
461,30岁,--,--,天蝎座,本科,--,170cm,--,109797073,18-27岁之间,不限,不限,155-170厘米,浙江,未婚,不限,有照片,绍兴,未婚,普通会员,臭臭,5000～10000元,虎,--
462,26岁,--,--,金牛座,高中中专及以下,--,166cm,--,165434173,18-30岁之间,高中中专及以下或以上,不限,158-175厘米,浙江绍兴,不限,不限,有照片,绍兴,未婚,普通会员,在襄阳呆萌的千青,5000～10000元,羊,--
463,21岁,--,--,射手座,本科,--,160cm,--,167906448,18-30岁之间,大专或以上,不限,158-175厘米,浙江绍兴,不限,不限,有照片,绍兴,未婚,普通会员,巨紫荆妩媚的在卢塞恩,5000～10000元,猪,--
464,29岁,AB型,--,双子座,高中中专及以下,汉族,168cm,--,165813136,26-35岁之间,高中中专及以下,不限,158-175厘米,浙江绍兴,不限,不限,有照片,绍兴,离异,普通会员,香椿善变的在齐云山,5000～10000元,龙,68公斤
465,26岁,A型,暂未购车,狮子座,高中中专及以下,汉族,168cm,已购房（有贷款）,118703876,25岁以下,不限,不限,150-170厘米 *,不限,未婚,不限,有照片,绍兴,未婚,普通会员,木木,5000～10000元,羊,--
466,23岁,--,--,魔羯座,本科,--,170cm,--,166873302,18-19岁之间,高中中专及以下或以上,不限,130-131厘米,北京东城,未婚,不限,不限,绍兴,未婚,普通会员,汉城爱恋,5000～10000元,鸡,--
467,23岁,--,--,处女座,本科,--,173cm,--,166808932,18-30岁之间,大专或以上,不限,158-175厘米,浙江绍兴,不限,不限,有照片,绍兴,未婚,普通会员,海棠欣慰的在希腊,2000～5000元,狗,--
468,20岁,A型,暂未购车,狮子座,高中中专及以下,汉族,173cm,独自租房,167326834,18-23岁之间,高中中专及以下,不限,158-175厘米,浙江绍兴,不限,不限,有照片,绍兴,未婚,普通会员,一生所爱,5000～10000元,牛,120公斤
469,29岁,--,--,双子座,本科,--,170cm,--,168409905,19-31岁之间,大专或以上,不限,158-175厘米,浙江绍兴,不限,不限,有照片,绍兴,离异,普通会员,友好的薄荷在珀斯,2000～5000元,龙,--
470,24岁,--,暂未购车,天蝎座,高中中专及以下,--,172cm,独自租房,161642572,24-30岁之间,高中中专及以下,不限,160-165厘米,不限,不限,不限,有照片,绍兴,未婚,普通会员,爱来的刚好,2000～5000元,猴,--
471,26岁,--,已购车（豪华型）,天秤座,本科,--,175cm,已购房（无贷款）,168154036,18-30岁之间,大专或以上,不限,158-175厘米,浙江绍兴,不限,不限,有照片,绍兴,未婚,普通会员,山里秋田,10000～20000元,羊,--
472,24岁,--,暂未购车,双鱼座,高中中专及以下,--,170cm,与父母同住,146535776,25-33岁之间,不限,不限,155-170厘米,浙江绍兴,不限,不限,有照片,绍兴,未婚,普通会员,会飞的猪,2000～5000元,猪,--
473,24岁,A型,已购车（中档型）,双鱼座,大专,汉族,175cm,与父母同住,165805888,20-25岁之间,不限,不限,162厘米或以上 *,浙江绍兴,未婚,不限,有照片,绍兴,未婚,普通会员,死在江南烟雨中,5000～10000元,鸡,59公斤
474,31岁,--,暂未购车,天秤座,高中中专及以下,--,180cm,已购住房,102114411,25-40岁之间,不限,不限,155-180厘米,不限,不限,不限,有照片,绍兴,"离异,有小孩归对方",普通会员,yuzhou,5000～10000元,虎,90公斤
475,24岁,--,--,天蝎座,高中中专及以下,--,182cm,--,168326050,18-30岁之间,高中中专及以下或以上,不限,158-175厘米,浙江绍兴,不限,不限,有照片,绍兴,未婚,普通会员,何先生笑了,2000～5000元,猴,--
476,30岁,--,--,金牛座,本科,--,177cm,--,153866535,18-29岁之间,高中中专及以下或以上,不限,158-172厘米,浙江,未婚,不限,有照片,绍兴,未婚,普通会员,书像茶,2000～5000元,兔,--
477,23岁,--,--,魔羯座,高中中专及以下,--,170cm,--,168430947,18-24岁之间,不限,不限,155-170厘米,浙江绍兴,不限,不限,不限,绍兴,未婚,普通会员,借我一生,2000～5000元,鸡,--
478,26岁,--,已购车（经济型）,巨蟹座,本科,--,175cm,已购房（无贷款）,162662995,22-30岁之间,不限,不限,155-170厘米 *,浙江绍兴,未婚,不限,有照片,绍兴,未婚,普通会员,今夜找到你,5000～10000元,羊,--
479,20岁,--,--,魔羯座,本科,--,172cm,--,166691924,18-30岁之间,大专或以上,不限,158-175厘米,浙江绍兴,不限,不限,有照片,绍兴,未婚,普通会员,害羞的元瑶在公车站,5000～10000元,鼠,--
480,22岁,--,--,水瓶座,本科,--,173cm,--,168403157,18-30岁之间,本科,不限,160-170厘米,不限,不限,不限,有照片,绍兴,未婚,普通会员,小河流水,5000～10000元,狗,--
481,24岁,--,已购车（中档型）,天蝎座,本科,--,169cm,暂未购房,168508997,18-30岁之间,不限,不限,158-175厘米,浙江绍兴,不限,不限,有照片,绍兴,未婚,普通会员,阔嘴鸟阳光的在万神庙,5000～10000元,猴,62公斤
482,29岁,--,已经购车,巨蟹座,大专,--,178cm,已购住房,162623475,19-31岁之间,高中中专及以下,不限,158-175厘米,不限,不限,不限,有照片,绍兴,未婚,普通会员,啤酒花小巧的在南岛,5000～10000元,龙,--
483,22岁,--,--,狮子座,大专,--,174cm,--,165026214,18-30岁之间,高中中专及以下或以上,不限,158-175厘米,浙江绍兴,不限,不限,有照片,绍兴,未婚,普通会员,在里约执著的向卉,2000～5000元,猪,--
484,28岁,--,已经购车,射手座,高中中专及以下,--,176cm,暂未购房,166156324,18-30岁之间,高中中专及以下或以上,不限,158-175厘米,浙江绍兴,不限,不限,有照片,绍兴,未婚,普通会员,在土楼被动的雪青,5000～10000元,龙,--
485,29岁,--,--,水瓶座,高中中专及以下,--,174cm,--,165996887,19-31岁之间,高中中专及以下或以上,不限,158-175厘米,浙江绍兴,不限,不限,有照片,绍兴,未婚,普通会员,听露动人的在歌厅,2000～5000元,兔,--
486,28岁,--,--,天蝎座,大专,--,170cm,--,159191037,22-30岁之间,不限,不限,158-175厘米 *,不限,未婚,不限,有照片,绍兴,未婚,普通会员,蒲公英飘散,5000～10000元,龙,--
487,25岁,--,已购车（中档型）,射手座,高中中专及以下,--,177cm,已购房（无贷款）,166768248,23-26岁之间,高中中专及以下,不限,155-170厘米,浙江绍兴,未婚,不限,有照片,绍兴,未婚,普通会员,我永恒,5000～10000元,羊,--
488,22岁,--,--,狮子座,本科,--,174cm,--,165407979,18-30岁之间,大专或以上,不限,158-175厘米,浙江绍兴,不限,不限,有照片,绍兴,未婚,普通会员,安静的访琴在罗得岛,2000～5000元,猪,--
489,29岁,--,--,巨蟹座,高中中专及以下,--,168cm,--,166691728,19-31岁之间,高中中专及以下或以上,不限,158-175厘米,浙江绍兴,不限,不限,有照片,绍兴,未婚,普通会员,埋在心里的红雪莲,2000～5000元,龙,--
490,26岁,--,--,天蝎座,大专,--,170cm,--,168511050,20-28岁之间,不限,不限,155-170厘米,北京朝阳,不限,不限,不限,绍兴,未婚,普通会员,桥桥,5000～10000元,马,--
491,29岁,--,--,巨蟹座,高中中专及以下,--,168cm,--,166077959,19-31岁之间,高中中专及以下或以上,不限,158-175厘米,浙江绍兴,不限,不限,有照片,绍兴,未婚,普通会员,优秀的慕晴在迈阿密,5000～10000元,龙,--
492,28岁,A型,暂未购车,魔羯座,大专,汉族,175cm,与父母同住,165895161,18-30岁之间,高中中专及以下,不限,158-175厘米 *,不限,未婚 *,不限,有照片,绍兴,未婚,普通会员,我们从此确定,5000～10000元,龙,53公斤
493,24岁,AB型,已购车（豪华型）,天秤座,本科,汉族,175cm,已购房（无贷款）,162669559,20-25岁之间,本科,不限,155-170厘米 *,浙江绍兴,未婚,不限,有照片,绍兴,未婚,普通会员,大蛇,5000～10000元,鸡,67公斤
494,32岁,--,--,巨蟹座,高中中专及以下,--,168cm,--,166297694,22-34岁之间,高中中专及以下或以上,不限,158-175厘米,浙江绍兴,不限,不限,有照片,绍兴,离异,普通会员,务实的皮卡丘在阿尔泰,5000～10000元,牛,--
495,21岁,--,--,巨蟹座,本科,--,174cm,--,166330522,18-30岁之间,大专或以上,不限,158-175厘米,浙江绍兴,不限,不限,有照片,绍兴,未婚,普通会员,南风,2000元以下,鼠,--
496,29岁,O型,--,魔羯座,高中中专及以下,--,180cm,--,166569390,30-42岁之间,高中中专及以下或以上,不限,158-175厘米,浙江绍兴,不限,不限,有照片,绍兴,离异,普通会员,专注的白山在波尔多,5000～10000元,龙,--
497,24岁,--,--,射手座,本科,--,180cm,--,165775010,18-25岁之间,不限,不限,160-170厘米,浙江绍兴,未婚,不限,不限,绍兴,未婚,普通会员,二两,5000～10000元,猴,--
498,24岁,--,--,双鱼座,高中中专及以下,--,170cm,--,165488441,18-30岁之间,高中中专及以下或以上,不限,158-175厘米,浙江绍兴,不限,不限,有照片,绍兴,未婚,普通会员,整齐的鳄鱼在波尔多,2000～5000元,鸡,--
499,29岁,--,--,双子座,本科,--,176cm,--,166472511,25-32岁之间,高中中专及以下,不限,158-175厘米,浙江绍兴,不限,不限,有照片,绍兴,离异,普通会员,在米兰犹豫的孤岚,5000～10000元,龙,--
500,26岁,O型,--,天秤座,本科,汉族,172cm,--,168488241,22-26岁之间,大专,不限,158-168厘米 *,浙江台州,未婚,不限,不限,绍兴,未婚,普通会员,Zack,2000～5000元,羊,59公斤
501,21岁,--,--,双子座,高中中专及以下,--,169cm,--,135480926,18-30岁之间,高中中专及以下或以上,不限,158-175厘米,浙江绍兴,不限,不限,有照片,绍兴,未婚,普通会员,至于吗,2000～5000元,鼠,--
502,23岁,--,--,巨蟹座,高中中专及以下,--,170cm,--,78482094,18-20岁之间,不限,不限,168厘米或以上,浙江绍兴,未婚,不限,有照片,绍兴,未婚,普通会员,楠仁,5000～10000元,狗,--
503,29岁,--,--,双子座,高中中专及以下,--,168cm,--,168565086,19-31岁之间,高中中专及以下或以上,不限,158-175厘米,浙江绍兴,不限,不限,有照片,绍兴,未婚,普通会员,刚好遇见你,5000～10000元,龙,--
504,27岁,--,暂未购车,双子座,大专,--,172cm,与父母同住,116216529,18-26岁之间,高中中专及以下或以上,不限,158-175厘米,浙江绍兴,未婚,不限,有照片,绍兴,未婚,普通会员,爱的等待,5000～10000元,马,--
505,29岁,A型,已经购车,双鱼座,高中中专及以下,汉族,175cm,暂未购房,154237066,18-28岁之间,不限,不限,155-170厘米,浙江,未婚,不限,有照片,绍兴,未婚,普通会员,jack,5000～10000元,龙,--
506,21岁,--,--,天秤座,大专,--,168cm,--,141361650,18-19岁之间,不限,不限,不限,浙江绍兴,未婚,不限,有照片,绍兴,未婚,普通会员,小朋友,2000元以下,鼠,--
507,28岁,AB型,暂未购车,双鱼座,大专,汉族,175cm,暂未购房,141260079,19-27岁之间,不限,不限,155-170厘米,不限,不限,不限,有照片,绍兴,未婚,普通会员,咚咚,5000～10000元,蛇,58公斤
508,29岁,--,暂未购车,天蝎座,高中中专及以下,汉族,168cm,已购住房,165221657,25-31岁之间,不限,不限,155厘米或以上,浙江绍兴,不限,不限,有照片,绍兴,未婚,普通会员,在冰岛思考的夏柳,5000～10000元,兔,58公斤
509,28岁,--,--,双鱼座,本科,--,170cm,--,168489798,21-29岁之间,大专,不限,155-170厘米,浙江绍兴,未婚,不限,有照片,绍兴,未婚,普通会员,三金,5000～10000元,蛇,--
510,29岁,AB型,暂未购车,水瓶座,大专,汉族,166cm,与父母同住,105843631,18岁,不限,不限,158-175厘米,浙江绍兴,未婚,不限,有照片,绍兴,未婚,普通会员,交心,5000～10000元,兔,--
511,31岁,--,--,双子座,本科,--,168cm,--,168565284,21-33岁之间,大专或以上,不限,158-175厘米,浙江绍兴,不限,不限,有照片,绍兴,未婚,普通会员,悠闲的信天翁在千佛山,10000～20000元,虎,--
512,26岁,保密,暂未购车,射手座,高中中专及以下,汉族,170cm,暂未购房,150323612,18-26岁之间,不限,汉族,158-170厘米,浙江,未婚,不限,有照片,绍兴,未婚,普通会员,爱你一生一世,2000～5000元,马,75公斤
513,25岁,--,--,水瓶座,高中中专及以下,--,165cm,--,102368978,20-27岁之间,不限,不限,150-165厘米,浙江绍兴,未婚,不限,有照片,绍兴,未婚,普通会员,爱昵,2000～5000元,猴,--
514,25岁,--,--,魔羯座,高中中专及以下,--,163cm,--,74465373,20-50岁之间,不限,不限,130-260厘米,不限,不限,不限,不限,绍兴,未婚,普通会员,栋樑,2000～5000元,羊,--
515,30岁,--,已经购车,狮子座,高中中专及以下,--,165cm,与父母同住,110477693,22-29岁之间,高中中专及以下或以上,不限,158-175厘米,不限,未婚,星级会员,有照片,绍兴,未婚,普通会员,建宇,5000～10000元,兔,--
516,26岁,其它,已经购车,水瓶座,大专,汉族,172cm,与父母同住,98653859,22-26岁之间,不限,汉族,155-170厘米,浙江绍兴,未婚,不限,有照片,绍兴,未婚,普通会员,四眼老木,5000～10000元,马,--
517,23岁,--,--,狮子座,高中中专及以下,--,165cm,--,115948939,18-19岁之间,不限,不限,155-170厘米,浙江,未婚,不限,有照片,绍兴,未婚,普通会员,WO    MISS  TT,2000～5000元,狗,--
518,28岁,--,--,狮子座,高中中专及以下,--,172cm,--,161866858,18-30岁之间,不限,不限,158-175厘米,浙江绍兴,不限,不限,有照片,绍兴,未婚,普通会员,夜,2000～5000元,蛇,--
519,21岁,--,--,射手座,大专,--,169cm,--,166386218,18-30岁之间,高中中专及以下或以上,不限,158-175厘米,浙江绍兴,不限,不限,有照片,绍兴,未婚,普通会员,约会,2000～5000元,猪,--
520,28岁,--,--,金牛座,高中中专及以下,--,176cm,--,144491449,18-30岁之间,高中中专及以下或以上,不限,158-175厘米,浙江绍兴,不限,不限,有照片,绍兴,未婚,普通会员,冷枫,2000～5000元,蛇,--
521,23岁,--,已购车（中档型）,金牛座,高中中专及以下,--,181cm,暂未购房,151821778,18-23岁之间,不限,不限,155-170厘米,浙江,不限,不限,不限,绍兴,未婚,高级会员,小毛,5000～10000元,狗,--
522,25岁,--,--,金牛座,高中中专及以下,--,169cm,--,160325245,18-26岁之间,不限,不限,155-170厘米,浙江绍兴,不限,不限,不限,绍兴,未婚,普通会员,乌鸦,2000～5000元,猴,--
523,24岁,--,已购车（中档型）,双子座,本科,--,175cm,与父母同住,168550318,18-30岁之间,大专或以上,不限,158-175厘米,浙江绍兴,不限,不限,有照片,绍兴,未婚,普通会员,在科威特标致的鸬鹚,5000～10000元,鸡,--
524,23岁,O型,暂未购车,狮子座,大专,汉族,180cm,暂未购房,168352918,23-28岁之间,高中中专及以下,不限,158-175厘米,浙江绍兴,不限,不限,有照片,绍兴,未婚,普通会员,八千米的海岸线,5000～10000元,狗,85公斤
525,26岁,--,已经购车,天秤座,本科,汉族,172cm,与父母同住,163477882,24-30岁之间,本科,不限,158-170厘米 *,福建,未婚,不限,有照片,绍兴,未婚,普通会员,等风也等你,2000～5000元,羊,60公斤
526,32岁,--,--,魔羯座,本科,--,173cm,--,168335448,22-32岁之间,不限,不限,155-170厘米,浙江,未婚,不限,有照片,绍兴,未婚,普通会员,陈家宝,5000～10000元,鼠,--
527,30岁,--,已经购车,处女座,本科,--,175cm,住亲朋家,83698680,20-27岁之间,大专或以上,不限,160-170厘米,浙江,未婚,不限,有照片,绍兴,未婚,普通会员,NN大爷,10000～20000元,兔,--
528,29岁,--,--,双子座,大专,--,178cm,--,168527444,19-31岁之间,高中中专及以下或以上,不限,158-175厘米,浙江绍兴,不限,不限,有照片,绍兴,未婚,普通会员,在马德里吃惊的山梅,5000～10000元,龙,--
529,28岁,保密,暂未购车,处女座,大专,汉族,169cm,暂未购房,168223242,22-28岁之间,大专或以上,不限,163-167厘米,浙江绍兴,未婚,星级会员,有照片,绍兴,未婚,普通会员,邱明媛,2000～5000元,蛇,--
530,27岁,--,--,双鱼座,本科,--,175cm,--,149244557,不限,不限,不限,160-170厘米,浙江绍兴,不限,不限,不限,绍兴,未婚,普通会员,873,5000～10000元,马,--
531,29岁,--,--,处女座,大专,--,172cm,--,168510132,24-26岁之间,本科,不限,160-165厘米,浙江绍兴,未婚,不限,有照片,绍兴,未婚,普通会员,Alex,5000～10000元,龙,--
532,27岁,--,--,射手座,本科,--,170cm,--,158255414,18-27岁之间,不限,不限,155-170厘米,浙江,未婚,不限,有照片,绍兴,未婚,普通会员,任,5000～10000元,蛇,--
533,30岁,--,--,双子座,本科,--,178cm,--,142188997,18-30岁之间,大专或以上,不限,158-175厘米,浙江绍兴,不限,不限,有照片,绍兴,未婚,普通会员,OneTwo,5000～10000元,兔,--
534,29岁,--,--,双子座,本科,--,169cm,--,159988065,23岁以下,大专,不限,158-175厘米 *,浙江绍兴,未婚,不限,不限,绍兴,未婚,普通会员,@小啊淼,2000元以下,龙,--
535,27岁,保密,暂未购车,处女座,高中中专及以下,汉族,169cm,住单位房,167665911,23-30岁之间,高中中专及以下,不限,153-170厘米 *,不限,未婚 *,不限,有照片,绍兴,未婚,普通会员,小强,5000～10000元,马,68公斤
536,23岁,保密,--,双鱼座,本科,汉族,170cm,--,144954069,18-24岁之间,不限,不限,155-169厘米,浙江,未婚,不限,有照片,绍兴,未婚,普通会员,友谊时光,2000～5000元,狗,--
537,29岁,--,--,双鱼座,本科,--,170cm,--,102040180,18-25岁之间,不限,不限,155-170厘米,浙江,未婚,不限,有照片,绍兴,未婚,普通会员,conca,5000～10000元,龙,--
538,23岁,--,--,金牛座,大专,--,172cm,--,168384058,18-24岁之间,大专,不限,160-170厘米,浙江绍兴,未婚,不限,有照片,绍兴,未婚,普通会员,zzz,5000～10000元,狗,--
539,32岁,--,--,双子座,高中中专及以下,--,170cm,--,168384888,25-33岁之间,不限,不限,155-170厘米,浙江绍兴,不限,不限,不限,绍兴,未婚,普通会员,孤单,2000元以下,牛,--
540,29岁,--,--,双子座,本科,--,168cm,--,168299296,19-31岁之间,大专或以上,不限,158-175厘米,浙江绍兴,不限,不限,有照片,绍兴,未婚,普通会员,土拨鼠温和的在拉普兰,2000元以下,龙,--
541,23岁,--,--,天蝎座,本科,--,169cm,--,149520973,18-24岁之间,不限,不限,155-170厘米,浙江绍兴,不限,不限,不限,绍兴,未婚,普通会员,lowsi,2000～5000元,鸡,--
542,28岁,--,--,天秤座,本科,--,172cm,--,168297226,26-29岁之间,不限,汉族,157-170厘米,浙江绍兴,不限,不限,不限,绍兴,未婚,普通会员,花辞树,5000～10000元,蛇,--
543,21岁,--,--,白羊座,本科,--,178cm,--,166731440,18-23岁之间,大专,不限,158-175厘米,浙江绍兴,不限,不限,有照片,绍兴,未婚,普通会员,进击的小屠夫,2000～5000元,鼠,--
544,26岁,其它,--,双子座,高中中专及以下,汉族,178cm,独自租房,116411730,18-23岁之间,不限,不限,155-170厘米,浙江,未婚,不限,有照片,绍兴,未婚,普通会员,烨磊,5000～10000元,羊,--
545,24岁,--,--,魔羯座,本科,--,174cm,--,168515080,18-28岁之间,不限,不限,155-170厘米,浙江绍兴,未婚,不限,有照片,绍兴,未婚,普通会员,C哥,2000～5000元,猴,--
546,22岁,B型,暂未购车,狮子座,大专,汉族,170cm,与父母同住,167680225,18-22岁之间,不限,汉族,160-168厘米,浙江绍兴,未婚,不限,有照片,绍兴,未婚,普通会员,夜神月,2000～5000元,猪,--
547,22岁,--,--,巨蟹座,本科,--,168cm,--,163997851,21-24岁之间,大专,不限,158-175厘米,浙江绍兴,不限,不限,有照片,绍兴,未婚,普通会员,小庞,5000～10000元,猪,--
548,25岁,--,--,双鱼座,本科,--,170cm,--,165652424,18-30岁之间,大专或以上,不限,158-175厘米,浙江绍兴,不限,不限,有照片,绍兴,未婚,普通会员,闪电诗人在人间,5000～10000元,猴,--
549,27岁,A型,暂未购车,双子座,本科,汉族,170cm,暂未购房,165446164,20-28岁之间,不限,不限,155-170厘米,浙江绍兴,未婚,不限,不限,绍兴,未婚,普通会员,kave1122,5000～10000元,马,--
550,29岁,--,--,双子座,高中中专及以下,--,168cm,--,165104195,19-31岁之间,高中中专及以下或以上,不限,158-175厘米,浙江绍兴,不限,不限,有照片,绍兴,未婚,普通会员,从梦自信的在阿曼,2000元以下,龙,--
551,25岁,O型,暂未购车,射手座,高中中专及以下,苗族,172cm,暂未购房,156651403,18-30岁之间,高中中专及以下,不限,158-175厘米 *,浙江绍兴,未婚 *,不限,有照片,绍兴,未婚,普通会员,你比宇宙还遥远,5000～10000元,羊,60公斤
552,31岁,--,--,双子座,高中中专及以下,--,176cm,--,154716102,20-32岁之间,高中中专及以下或以上,不限,158-175厘米,浙江绍兴,不限,不限,有照片,绍兴,离异,普通会员,冯勇,5000～10000元,虎,--
553,27岁,--,已购车（豪华型）,魔羯座,本科,--,175cm,已购住房,164290428,18-30岁之间,不限,不限,158-175厘米,不限,不限,不限,有照片,绍兴,未婚,普通会员,故事男人,50000元以上,蛇,--
554,25岁,--,--,狮子座,高中中专及以下,--,178cm,--,157036883,18-24岁之间,不限,不限,155-170厘米,浙江,未婚,不限,有照片,绍兴,未婚,普通会员,123,2000元以下,猴,--
555,28岁,--,--,巨蟹座,本科,--,168cm,--,163459466,18-30岁之间,大专或以上,不限,158-175厘米,北京东城,不限,不限,有照片,绍兴,未婚,普通会员,鲑鱼纠结的在爪哇岛,50000元以上,蛇,--
556,21岁,--,--,天蝎座,高中中专及以下,--,170cm,--,165347933,18-21岁之间,不限,不限,155-170厘米,浙江,未婚,不限,有照片,绍兴,未婚,普通会员,周帅,2000～5000元,猪,--
557,24岁,A型,--,处女座,高中中专及以下,其它民族,173cm,--,165121380,18-30岁之间,高中中专及以下或以上,不限,158-175厘米,浙江绍兴,不限,不限,有照片,绍兴,未婚,普通会员,在硫磺岛刻苦的安雁,5000～10000元,鸡,56公斤
558,29岁,--,已经购车,魔羯座,高中中专及以下,--,164cm,--,163821763,19-26岁之间,不限,不限,158-175厘米,浙江绍兴,不限,不限,有照片,绍兴,未婚,普通会员,有爱的忆柳在加油站,5000～10000元,兔,--
559,29岁,--,--,魔羯座,高中中专及以下,--,170cm,--,164825624,19-29岁之间,不限,不限,155-170厘米,浙江,未婚,不限,有照片,绍兴,未婚,普通会员,万里无云,2000元以下,兔,--
560,25岁,--,--,狮子座,大专,--,173cm,--,162021913,18-26岁之间,大专,不限,155-170厘米,浙江绍兴,未婚,不限,不限,绍兴,未婚,普通会员,曹先生,10000～20000元,猴,--
561,22岁,--,--,巨蟹座,大专,--,176cm,与父母同住,157245327,18-30岁之间,高中中专及以下或以上,不限,158-175厘米,北京东城,不限,不限,有照片,绍兴,未婚,普通会员,冷瞳超,2000～5000元,猪,--
562,28岁,--,暂未购车,处女座,高中中专及以下,--,170cm,暂未购房,155163489,18-25岁之间,不限,不限,158-175厘米 *,不限,未婚,不限,有照片,绍兴,未婚,普通会员,佳缘会员,2000元以下,蛇,--
563,25岁,--,已购车（经济型）,双子座,本科,--,171cm,--,158496189,18-30岁之间,不限,不限,158-175厘米,浙江绍兴,不限,不限,有照片,绍兴,未婚,普通会员,耿康健,5000～10000元,猴,--
564,28岁,B型,--,处女座,高中中专及以下,汉族,170cm,--,164074074,18-30岁之间,不限,不限,158-170厘米,不限,未婚、离异,不限,有照片,绍兴,离异,普通会员,慈祥的秋春在昆仑山,2000～5000元,蛇,58公斤
565,23岁,--,--,双鱼座,高中中专及以下,--,185cm,--,164035003,18-30岁之间,高中中专及以下或以上,不限,158-175厘米,浙江绍兴,不限,不限,有照片,绍兴,未婚,普通会员,在尼斯安静的幼晴,5000～10000元,狗,--
566,30岁,--,--,射手座,大专,--,167cm,--,163606788,24-32岁之间,不限,不限,155-170厘米,浙江绍兴,不限,不限,不限,绍兴,未婚,高级会员,欧阳少佐,5000～10000元,虎,--
567,21岁,--,--,双鱼座,高中中专及以下,--,178cm,--,154358945,18-27岁之间,高中中专及以下,不限,158-175厘米,浙江绍兴,未婚,不限,有照片,绍兴,未婚,普通会员,Nero丶,2000～5000元,鼠,--
568,22岁,--,--,天秤座,大专,--,174cm,--,165365059,18-30岁之间,不限,不限,158-175厘米 *,浙江绍兴,未婚,不限,有照片,绍兴,未婚,普通会员,死神来了,5000～10000元,猪,--
569,20岁,--,--,双鱼座,高中中专及以下,--,175cm,--,155111472,18-30岁之间,高中中专及以下或以上,不限,158-175厘米,浙江绍兴,不限,不限,有照片,绍兴,未婚,普通会员,M,2000元以下,牛,--
570,24岁,--,--,魔羯座,大专,--,165cm,--,162436400,18-25岁之间,不限,不限,155-170厘米,浙江绍兴,不限,不限,不限,绍兴,未婚,普通会员,打工少年,5000～10000元,猴,--
571,24岁,--,--,双鱼座,本科,--,180cm,--,165878981,18-30岁之间,大专或以上,不限,158-175厘米,浙江绍兴,不限,不限,有照片,绍兴,未婚,普通会员,鲨鱼华丽的在帕特雷,2000～5000元,鸡,--
572,26岁,--,--,魔羯座,高中中专及以下,--,180cm,--,160744091,18-30岁之间,高中中专及以下或以上,不限,158-175厘米,北京东城,不限,不限,有照片,绍兴,未婚,普通会员,Fz,2000～5000元,马,--
573,29岁,其它,--,白羊座,大专,汉族,178cm,暂未购房,94271426,22-30岁之间,不限,不限,160-165厘米,浙江,未婚,不限,有照片,绍兴,未婚,普通会员,阿超,5000～10000元,龙,--
574,24岁,--,暂未购车,狮子座,高中中专及以下,--,165cm,暂未购房,108397879,18-23岁之间,高中中专及以下或以上,不限,158-175厘米,浙江绍兴,未婚,不限,有照片,绍兴,未婚,普通会员,我爱你1个,2000～5000元,鸡,--
575,22岁,--,--,巨蟹座,本科,--,179cm,--,142470860,18-22岁之间,不限,不限,155-170厘米,浙江绍兴,不限,不限,不限,绍兴,未婚,普通会员,晨心,10000～20000元,猪,139公斤
576,31岁,--,已购车（豪华型）,双鱼座,本科,汉族,174cm,已购房（无贷款）,151297395,20-32岁之间,大专,不限,158-175厘米,浙江绍兴,不限,不限,有照片,绍兴,未婚,普通会员,谷雨123,20000～50000元,虎,--
577,21岁,A型,暂未购车,魔羯座,高中中专及以下,汉族,167cm,独自租房,147316520,18-19岁之间,不限,不限,155-170厘米,浙江,未婚,不限,有照片,绍兴,未婚,普通会员,平静,2000～5000元,猪,--
578,20岁,--,--,天秤座,高中中专及以下,--,185cm,--,150740549,18-21岁之间,不限,不限,不限,不限,不限,不限,不限,绍兴,未婚,普通会员,7541,2000～5000元,牛,--
579,27岁,--,--,魔羯座,高中中专及以下,--,175cm,--,148485084,18-25岁之间,不限,不限,155-170厘米,浙江,未婚,不限,有照片,绍兴,未婚,普通会员,佳缘会员,2000～5000元,蛇,--
580,22岁,B型,已购车（中档型）,天蝎座,大专,汉族,175cm,与父母同住,137008187,18-24岁之间,不限,不限,160-171厘米,不限,不限,不限,有照片,绍兴,未婚,普通会员,择一人,5000～10000元,狗,62公斤
581,26岁,保密,暂未购车,天蝎座,本科,汉族,175cm,暂未购房,85992932,25-28岁之间,不限,不限,162-170厘米 *,浙江绍兴,未婚,星级会员,有照片,绍兴,未婚,高级会员,徐明亮,2000～5000元,马,65公斤
582,28岁,--,暂未购车,双鱼座,高中中专及以下,--,175cm,与父母同住,95910409,20-25岁之间,不限,不限,155-170厘米,浙江绍兴,未婚,不限,有照片,绍兴,未婚,普通会员,心若相知无言也温柔,2000～5000元,蛇,--
583,20岁,--,--,天蝎座,大专,--,173cm,--,149502003,18-19岁之间,不限,不限,155-170厘米,浙江,未婚,不限,有照片,绍兴,未婚,普通会员,信仰,2000～5000元,鼠,--
584,23岁,--,--,天秤座,大专,--,186cm,--,146371520,18-30岁之间,高中中专及以下或以上,不限,158-175厘米,浙江绍兴,不限,不限,有照片,绍兴,未婚,普通会员,佳缘会员,5000～10000元,狗,--
585,31岁,--,--,狮子座,本科,--,171cm,--,151757722,20-32岁之间,大专或以上,不限,158-175厘米,浙江绍兴,不限,不限,有照片,绍兴,未婚,普通会员,心随意动,5000～10000元,虎,--
586,22岁,--,--,射手座,高中中专及以下,--,172cm,--,116384931,18-21岁之间,高中中专及以下,不限,158-175厘米,江西吉安,未婚,不限,有照片,绍兴,未婚,普通会员,听。。。,5000～10000元,狗,--
587,22岁,--,--,天秤座,高中中专及以下,--,168cm,--,134243587,18-30岁之间,高中中专及以下或以上,不限,158-175厘米,浙江绍兴,不限,不限,有照片,绍兴,未婚,普通会员,春江月,2000～5000元,猪,--
588,31岁,--,--,天蝎座,高中中专及以下,--,165cm,--,154095351,21-33岁之间,高中中专及以下或以上,不限,158-175厘米,浙江绍兴,不限,不限,有照片,绍兴,未婚,普通会员,张飞波,5000～10000元,牛,--
589,28岁,--,--,白羊座,高中中专及以下,--,168cm,--,150759813,18-30岁之间,高中中专及以下或以上,不限,158-175厘米,浙江绍兴,不限,不限,有照片,绍兴,未婚,普通会员,李谦,5000～10000元,蛇,--
590,29岁,--,--,双子座,本科,--,169cm,--,150309979,18-30岁之间,大专或以上,不限,158-175厘米,浙江绍兴,不限,不限,有照片,绍兴,未婚,普通会员,乐乐,2000～5000元,龙,--
591,25岁,--,--,射手座,大专,--,165cm,--,147153767,18-24岁之间,不限,不限,155-170厘米,浙江,未婚,不限,有照片,绍兴,未婚,普通会员,佳缘会员,2000～5000元,羊,--
592,29岁,B型,--,金牛座,大专,汉族,178cm,与父母同住,116962640,18-26岁之间,不限,汉族,155-170厘米,浙江,未婚,不限,有照片,绍兴,未婚,普通会员,坏小孩,2000～5000元,龙,--
593,25岁,--,--,狮子座,高中中专及以下,--,170cm,--,102278098,18-21岁之间,不限,不限,155-170厘米,浙江,未婚,不限,有照片,绍兴,未婚,普通会员,forever微笑,2000～5000元,猴,--
594,30岁,O型,已经购车,白羊座,本科,汉族,170cm,已购住房,133319944,18-28岁之间,不限,不限,155-168厘米,浙江绍兴,不限,不限,有照片,绍兴,未婚,普通会员,越人小奇,5000～10000元,兔,--
595,28岁,--,--,双子座,高中中专及以下,--,174cm,--,153124947,18-27岁之间,不限,不限,155-170厘米,浙江,未婚,不限,有照片,绍兴,未婚,普通会员,2008opr,5000～10000元,蛇,--
596,24岁,--,--,魔羯座,本科,--,170cm,--,148853031,18-23岁之间,不限,不限,155-170厘米,浙江,未婚,不限,有照片,绍兴,未婚,普通会员,宋,5000～10000元,猴,--
597,27岁,A型,暂未购车,天秤座,高中中专及以下,彝族,168cm,暂未购房,74787336,18-22岁之间,高中中专及以下或以上,不限,160-170厘米,不限,未婚,不限,有照片,绍兴,未婚,普通会员,叶胜江,2000～5000元,马,--
598,27岁,--,--,金牛座,大专,--,183cm,--,168433435,18-30岁之间,高中中专及以下或以上,不限,158-175厘米,浙江宁波,不限,不限,有照片,绍兴,未婚,普通会员,保温杯泡枸杞的倔强,5000～10000元,马,--
