user,userid,item,itemid,score_all
万科公益基金会,3,北京凯恩克劳斯经济研究基金会,211,38.79999924
万科公益基金会,3,北京春苗儿童救助基金会,277,32.79999924
万科公益基金会,3,海南省医疗救助基金会,753,36.70000076
万科公益基金会,3,深圳壹基金公益基金会,764,44.79999924
万科公益基金会,3,爱佑慈善基金会,857,56.20000076
万科公益基金会,3,陕西师范大学教育基金会,1008,48.70000076
上海中欧国际工商学院教育发展基金会,4,北京凯恩克劳斯经济研究基金会,211,27.70000076
上海乐三兰馨教育发展基金会,5,上海交通大学教育发展基金会,4,51.70000076
上海乐三兰馨教育发展基金会,5,上海复旦大学教育发展基金会,12,51.70000076
上海仁德基金会,6,云南省扶贫基金会,148,30.70000076
上海仁德基金会,6,爱德基金会,858,47.79999924
上海华信公益基金会,7,上海市慈善基金会,24,52.90000153
上海同一苍穹下公益基金会,9,凉山州关心下一代基金会,184,48.70000076
上海唐君远教育基金会,10,上海交通大学教育发展基金会,4,48.70000076
上海唐君远教育基金会,10,上海大学教育发展基金会,14,35.79999924
上海唐君远教育基金会,10,无锡城市职业技术学院教育发展基金会,617,30.70000076
上海复大公益基金会,12,上海复旦大学教育发展基金会,12,45.70000076
上海复星公益基金会,13,上海交响乐团文化发展基金会,3,53.79999924
上海复星公益基金会,13,上海医学创新发展基金会,6,48.70000076
上海复星公益基金会,13,上海市罕见病防治基金会,29,45.70000076
上海复星公益基金会,13,北京戏曲艺术教育基金会,270,39.70000076
上海复星公益基金会,13,北京成龙慈善基金会,272,42.70000076
上海复星公益基金会,13,四川桃花源生态保护基金会,391,51.70000076
上海复星公益基金会,13,浙江华坤教育基金会,729,39.70000076
上海夏征农民族文化教育发展基金会,14,上海市拥军优属基金会,25,48.70000076
上海大学教育发展基金会,15,上海谢晋电影艺术基金会,52,48.70000076
上海天下文化发展基金会,16,上海宋庆龄基金会,15,48.70000076
上海宋庆龄基金会,17,上海市华侨事业发展基金会,18,27.70000076
上海宋庆龄基金会,17,成都市青少年发展基金会,597,24.70000076
上海宋庆龄基金会,17,浙江省微笑明天慈善基金会,740,27.70000076
上海工商界爱国建设特种基金会,18,上海市慈善基金会,24,34.90000153
上海工商界爱国建设特种基金会,18,上海市老年基金会,30,30.70000076
上海市东方红公益基金会,19,上海交通大学教育发展基金会,4,45.70000076
上海市中小学幼儿教师奖励基金会,20,上海市宝山区教育发展基金会,20,27.70000076
上海市人口福利基金会,21,北京市鸿儒金融教育基金会,260,42.70000076
上海市人口福利基金会,21,湖南省长郡未来基金会,849,53.79999924
上海市儿童基金会,23,上海科普教育发展基金会,49,36.70000076
上海市建国社会公益基金会,24,星云文化教育公益基金会,623,39.70000076
上海市建国社会公益基金会,24,清华大学教育基金会,802,50.79999924
上海市慈善基金会,25,上海华信公益基金会,8,24.70000076
上海市慈善基金会,25,上海市儿童基金会,16,28.89999962
上海市慈善基金会,25,上海市帮困互助基金会,21,32.79999924
上海市慈善基金会,25,上海市青年创业就业基金会,33,26.79999924
上海市慈善基金会,25,上海特殊关爱基金会,43,23.20000076
上海市慈善基金会,25,上海科普教育发展基金会,49,26.79999924
上海市慈善基金会,25,北京市永源公益基金会,254,24.70000076
上海市慈善基金会,25,都江堰市教育发展基金会,968,23.20000076
上海市慈善基金会,25,青海妇女儿童发展基金会,1030,23.20000076
上海市慈善基金会,25,青海省青少年发展基金会,1037,23.20000076
上海市教育发展基金会,26,上海市徐汇区教育基金会,23,24.70000076
上海市教育发展基金会,26,上海视觉艺术学院教育发展基金会,51,42.70000076
上海市教育发展基金会,26,安徽怀宁独秀教育基金会,445,33.70000076
上海市残疾人福利基金会,27,云南省残疾人福利基金会,150,55
上海市残疾人福利基金会,27,浙江省残疾人福利基金会,743,45.70000076
上海市老年基金会,28,上海市慈善基金会,24,35.79999924
上海市老年基金会,28,上海科普教育发展基金会,49,24.70000076
上海市青少年发展基金会,29,上海交响乐团文化发展基金会,3,36.70000076
上海市青少年发展基金会,29,安徽省青少年发展基金会,453,40.90000153
上海市青少年发展基金会,29,江西省青少年发展基金会,682,36.70000076
上海市青年创业就业基金会,30,中国青年创业就业基金会,127,53.79999924
上海恩德公益基金会,31,上海市慈善基金会,24,45.70000076
上海慈光皮肤健康基金会,32,上海市罕见病防治基金会,29,42.70000076
上海慈慧公益基金会,33,上海视觉艺术学院教育发展基金会,51,51.70000076
上海新建桥老龄事业发展基金会,34,上海市慈善基金会,24,27.70000076
上海明德公益基金会,35,无锡灵山慈善基金会,619,42.70000076
上海杉树公益基金会,36,北京怡海公益基金会,267,42.70000076
上海民建扶帮公益基金会,39,中华同心温暖工程基金会,67,51.70000076
上海民建扶帮公益基金会,39,北京感恩公益基金会,268,51.70000076
上海民生艺术基金会,40,吴作人国际美术基金会,376,27.70000076
上海汇添富公益基金会,41,上海交通大学教育发展基金会,4,30.70000076
上海汤臣慈善基金会,42,浙江省新华爱心教育基金会,742,50.79999924
上海汤臣慈善基金会,42,浙江省爱心事业基金会,744,48.70000076
上海浦发公益基金会,43,上海师范大学教育发展基金会,35,33.70000076
上海海洋大学教育发展基金会,44,上海叔同深渊科学技术发展基金会,10,48.70000076
上海现代服务业发展研究基金会,45,上海市慈善基金会,24,39.70000076
上海现代服务业发展研究基金会,45,上海市青年创业就业基金会,33,30.70000076
上海瑞华慈善基金会,46,上海市普陀区教育奖励基金会,27,45.70000076
上海联劝公益基金会,48,北京世纪慈善基金会,188,33.70000076
上海联劝公益基金会,48,北京岐黄中医药文化发展基金会,236,30.70000076
上海联劝公益基金会,48,广西和正慈善基金会,567,27.70000076
上海联劝公益基金会,48,江苏昌明教育基金会,663,42.70000076
上海联和新泰战略研究与发展基金会,49,上海科技大学教育发展基金会,48,48.70000076
上海能近公益基金会,50,中国社会福利基金会,114,38.79999924
上海至美公益基金会,51,北京师范大学教育基金会,261,33.70000076
上海至美公益基金会,51,浙江大学教育基金会,731,39.70000076
上海荣昶公益基金会,52,上海市徐汇区教育基金会,23,42.70000076
上海荣昶公益基金会,52,上海市慈善基金会,24,51.70000076
上海觉群文教基金会,53,上海市慈善基金会,24,48.70000076
上海诺亚公益基金会,54,北京市企业家环保基金会,243,42.70000076
上海诺亚公益基金会,54,浙江千训爱心慈善基金会,728,45.70000076
上海韩哲一教育扶贫基金会,56,上海师范大学教育发展基金会,35,45.70000076
东润公益基金会,60,清华大学教育基金会,802,45.70000076
东莞市东莞理工学院教育发展基金会,61,广东省教育基金会,525,24.70000076
东风公益基金会,63,中国青年创业就业基金会,127,50.79999924
东风公益基金会,63,云南省青少年发展基金会,154,48.70000076
东风公益基金会,63,天津大学北洋教育发展基金会,415,30.70000076
东风公益基金会,63,武汉市见义勇为基金会,651,33.70000076
东风公益基金会,63,湖北汽车工业学院教育发展基金会,809,39.70000076
东风公益基金会,63,湖北省妇女儿童发展基金会,812,39.70000076
东风公益基金会,63,湖北省青少年发展基金会,817,52.90000153
中兴通讯公益基金会,64,上海真爱梦想公益基金会,47,38.79999924
中兴通讯公益基金会,64,中华社会救助基金会,73,33.70000076
中兴通讯公益基金会,64,中国儿童少年基金会,83,42.70000076
中兴通讯公益基金会,64,中国扶贫基金会,102,39.70000076
中兴通讯公益基金会,64,中国残疾人福利基金会,108,42.70000076
中华健康快车基金会,65,永恒慈善基金会,658,24.70000076
中华全国体育基金会,66,内蒙古体育发展基金会,165,27.70000076
中华全国体育基金会,66,吉林省体育事业发展基金会,365,29.79999924
中华全国体育基金会,66,四川省体育基金会,392,33.09999847
中华全国体育基金会,66,天津市体育发展基金会,416,24.70000076
中华全国体育基金会,66,安徽省体育事业发展基金会,448,34
中华全国体育基金会,66,山东省体育基金会,466,27.70000076
中华全国体育基金会,66,江西省体育发展基金会,677,26.79999924
中华全国体育基金会,66,河南省体育发展基金会,700,27.70000076
中华全国体育基金会,66,浙江省体育基金会,736,27.70000076
中华全国体育基金会,66,福建省发展体育事业基金会,880,33.09999847
中华全国体育基金会,66,贵州省体育发展基金会,925,26.79999924
中华全国体育基金会,66,黑龙江省体育发展基金会,1054,24.70000076
中华同心温暖工程基金会,67,广元市教育基金会,550,36.70000076
中华同心温暖工程基金会,67,湖南省温暖工程基金会,839,54.09999847
中华少年儿童慈善救助基金会,70,北京乾坤恒大健康扶贫基金会,203,39.70000076
中华少年儿童慈善救助基金会,70,北京天使妈妈慈善基金会,229,49
中华少年儿童慈善救助基金会,70,北京彩虹桥慈善基金会,265,27.70000076
中华少年儿童慈善救助基金会,70,北京慈弘慈善基金会,269,39.70000076
中华少年儿童慈善救助基金会,70,北京春晖博爱儿童救助公益基金会,276,36.70000076
中华少年儿童慈善救助基金会,70,北京桂馨慈善基金会,282,30.70000076
中华少年儿童慈善救助基金会,70,北京青爱教育基金会,319,46
中华少年儿童慈善救助基金会,70,成都市残疾人福利基金会,595,24.70000076
中华少年儿童慈善救助基金会,70,河南省福兴儿童公益基金会,711,27.70000076
中华少年儿童慈善救助基金会,70,深圳市慈缘慈善基金会,781,46.90000153
中华少年儿童慈善救助基金会,70,科左后旗扶贫助学基金会,893,31
中华少年儿童慈善救助基金会,70,贵州文化薪火乡村发展基金会,924,30.70000076
中华思源工程扶贫基金会,71,上海真爱梦想公益基金会,47,47.79999924
中华思源工程扶贫基金会,71,中卫市公益慈善基金会,78,27.70000076
中华思源工程扶贫基金会,71,中国扶贫基金会,102,45.70000076
中华思源工程扶贫基金会,71,包头市扶贫基金会,187,24.70000076
中华思源工程扶贫基金会,71,北京天使妈妈慈善基金会,229,54.09999847
中华思源工程扶贫基金会,71,北京市永源公益基金会,254,44.79999924
中华思源工程扶贫基金会,71,北京市西部阳光农村发展基金会,257,36.70000076
中华思源工程扶贫基金会,71,北京成龙慈善基金会,272,50.79999924
中华思源工程扶贫基金会,71,广州市职工济难基金会,563,36.09999847
中华思源工程扶贫基金会,71,沈阳市残疾人福利基金会,686,24.70000076
中华思源工程扶贫基金会,71,爱佑慈善基金会,857,38.79999924
中华思源工程扶贫基金会,71,辽宁省残疾人福利基金会,950,39.70000076
中华环境保护基金会,73,山东环境保护基金会,463,31.89999962
中华社会救助基金会,74,上海益善公益基金会,46,39.70000076
中华社会救助基金会,74,内蒙古自治区人民教育基金会,174,50.79999924
中华社会救助基金会,74,北京为华公益基金会,200,24.70000076
中华社会救助基金会,74,北京市书院中国文化发展基金会,240,30.70000076
中华社会救助基金会,74,北京市仁爱慈善基金会,242,32.79999924
中华社会救助基金会,74,北京师范大学教育基金会,261,33.70000076
中华社会救助基金会,74,北京志远功臣关爱基金会,266,41.79999924
中华社会救助基金会,74,北京感恩公益基金会,268,33.70000076
中华社会救助基金会,74,北京水源保护基金会,286,36.70000076
中华社会救助基金会,74,四川省索玛慈善基金会,403,36.70000076
中华社会救助基金会,74,青海省教育发展基金会,1032,39.70000076
中华社会文化发展基金会,75,中国文学艺术基金会,106,39.70000076
中华社会文化发展基金会,75,北京艺能爱心基金会,309,33.70000076
中华见义勇为基金会,77,云南省见义勇为基金会,153,35.79999924
中华见义勇为基金会,77,吉林省见义勇为基金会,371,36.70000076
中华见义勇为基金会,77,宁夏回族自治区见义勇为基金会,436,36.70000076
中华见义勇为基金会,77,广西见义勇为基金会,578,32.79999924
中华见义勇为基金会,77,河北省见义勇为基金会,694,36.70000076
中华见义勇为基金会,77,海南省见义勇为基金会,755,39.70000076
中华见义勇为基金会,77,湖南省见义勇为基金会,844,36.70000076
中华见义勇为基金会,77,福建省见义勇为基金会,889,36.70000076
中华见义勇为基金会,77,贵州省见义勇为基金会,933,33.70000076
中国下一代教育基金会,78,云南省关心下一代基金会,146,30.70000076
中国下一代教育基金会,78,云南省妇女儿童发展基金会,147,35.79999924
中国下一代教育基金会,78,四川省关心下一代基金会,395,32.79999924
中国下一代教育基金会,78,江苏省关心下一代基金会,666,30.70000076
中国京剧艺术基金会,80,北京市梅兰芳艺术基金会,252,30.70000076
中国京剧艺术基金会,80,北京戏曲艺术教育基金会,270,30.70000076
中国人口福利基金会,81,河南省本源人文公益基金会,709,29.79999924
中国人寿慈善基金会,82,中国妇女发展基金会,98,38.79999924
中国人寿慈善基金会,82,中国青少年发展基金会,126,35.79999924
中国人寿慈善基金会,82,北京市公安民警抚助基金会,246,39.70000076
中国人寿慈善基金会,82,辽宁省教育基金会,948,36.70000076
中国儿童少年基金会,84,云南省妇女儿童发展基金会,147,43.29999924
中国儿童少年基金会,84,北京培黎教育基金会,226,24.70000076
中国儿童少年基金会,84,北京妇女儿童发展基金会,231,39.09999847
中国儿童少年基金会,84,北京立德未来助学公益基金会,299,40.90000153
中国儿童少年基金会,84,北京荷风艺术基金会,311,31.89999962
中国儿童少年基金会,84,吉林省妇女儿童基金会,367,39.40000153
中国儿童少年基金会,84,四川省儿童少年基金会,393,64.30000305
中国儿童少年基金会,84,宁夏回族自治区妇女儿童发展基金会,433,40.29999924
中国儿童少年基金会,84,安徽省儿童少年基金会,449,36.09999847
中国儿童少年基金会,84,山东省儿童少年福利基金会,467,26.79999924
中国儿童少年基金会,84,广西妇女儿童发展基金会,570,29.79999924
中国儿童少年基金会,84,新疆妇女儿童发展基金会,608,42.09999847
中国儿童少年基金会,84,江苏省儿童少年福利基金会,665,26.79999924
中国儿童少年基金会,84,河北省妇女儿童发展基金会,689,41.20000076
中国儿童少年基金会,84,爱佑慈善基金会,857,40
中国儿童少年基金会,84,甘肃妇女儿童发展基金会,859,37.90000153
中国儿童少年基金会,84,贵州省妇女儿童发展基金会,927,40
中国儿童少年基金会,84,青海妇女儿童发展基金会,1030,23.20000076
中国儿童少年基金会,84,黑龙江省妇女儿童基金会,1057,39.09999847
中国光华科技基金会,85,上海复旦大学教育发展基金会,12,26.79999924
中国光华科技基金会,85,中国听力医学发展基金会,94,27.70000076
中国光华科技基金会,85,中国金融教育发展基金会,125,42.70000076
中国光华科技基金会,85,中央财经大学教育基金会,130,24.70000076
中国光华科技基金会,85,北京中央民族大学教育基金会,195,24.70000076
中国光华科技基金会,85,北京友好传承文化基金会,218,31.89999962
中国光华科技基金会,85,北京工商大学教育基金会,237,28.89999962
中国光华科技基金会,85,北京市中国人民大学教育基金会,239,28.89999962
中国光华科技基金会,85,北京理工大学教育基金会,291,24.70000076
中国光华科技基金会,85,厦门大学教育发展基金会,351,28.89999962
中国光华科技基金会,85,吉林大学教育基金会,360,28.89999962
中国光华科技基金会,85,吉林大学第一医院医学发展和医学援助基金会,361,27.70000076
中国光华科技基金会,85,宁夏吴忠慈善基金会,429,45.70000076
中国光华科技基金会,85,山东省友芳公益基金会,468,27.70000076
中国光华科技基金会,85,广东省中山大学教育发展基金会,493,26.79999924
中国光华科技基金会,85,新疆生产建设兵团青少年发展基金会,610,33.70000076
中国光华科技基金会,85,河南省青年创业就业基金会,714,24.70000076
中国光华科技基金会,85,温州医科大学教育发展基金会,803,24.70000076
中国光华科技基金会,85,重庆大学教育发展基金会,970,24.70000076
中国光彩事业基金会,86,天津南开大学教育基金会,414,42.70000076
中国公安民警英烈基金会,87,吉林省公安民警优抚基金会,366,29.79999924
中国公安民警英烈基金会,87,宁夏回族自治区公安民警英烈基金会,430,27.70000076
中国公安民警英烈基金会,87,青海省公安民警英烈基金会,1031,27.70000076
中国出生缺陷干预救助基金会,88,山西省出生缺陷干预救助基金会,477,50.79999924
中国初级卫生保健基金会,89,北京康盟慈善基金会,262,73
中国初级卫生保健基金会,89,北京白求恩公益基金会,295,51.70000076
中国初级卫生保健基金会,89,黑龙江省残疾人福利基金会,1058,33.70000076
中国医药卫生事业发展基金会,91,中国红十字基金会,117,48.70000076
中国华侨公益基金会,92,上海市华侨事业发展基金会,18,40.90000153
中国华侨公益基金会,92,云南华商公益基金会,138,43.90000153
中国华侨公益基金会,92,北京春苗儿童救助基金会,277,33.70000076
中国华侨公益基金会,92,四川省华侨公益基金会,396,52.90000153
中国华侨公益基金会,92,湖南省华侨公益基金会,822,40.90000153
中国华侨公益基金会,92,首都文明工程基金会,1044,33.70000076
中国华侨公益基金会,92,黑龙江省华侨经济文化基金会,1056,40
中国华夏文化遗产基金会,93,兰州大学教育发展基金会,160,42.70000076
中国友好和平发展基金会,94,兰州大学教育发展基金会,160,24.70000076
中国发展研究基金会,95,四川省儿童少年基金会,393,30.70000076
中国听力医学发展基金会,97,云南省残疾人福利基金会,150,48.70000076
中国国际文化交流基金会,98,上海市华东师范大学教育发展基金会,17,38.79999924
中国国际文化交流基金会,98,东北师范大学教育基金会,57,37.90000153
中国国际文化交流基金会,98,内蒙古师范大学教育发展基金会,168,37.90000153
中国国际文化交流基金会,98,北京师范大学教育基金会,261,73
中国国际文化交流基金会,98,华中师范大学教育发展基金会,323,38.79999924
中国国际文化交流基金会,98,广西师范大学教育发展基金会,571,37.90000153
中国国际文化交流基金会,98,江西师范大学教育发展基金会,676,35.79999924
中国国际文化交流基金会,98,重庆西南大学教育基金会,988,38.79999924
中国国际文化交流基金会,98,陕西师范大学教育基金会,1008,40
中国妇女发展基金会,99,乐至县教育基金会,136,24.70000076
中国妇女发展基金会,99,北京妇女儿童发展基金会,231,42.09999847
中国妇女发展基金会,99,北京春晖博爱儿童救助公益基金会,276,33.70000076
中国妇女发展基金会,99,北京瑞普华老年救助基金会,292,24.70000076
中国妇女发展基金会,99,吉林省妇女儿童基金会,367,31.89999962
中国妇女发展基金会,99,四川省妇女发展基金会,397,80.5
中国妇女发展基金会,99,天津市妇女儿童发展基金会,419,33.70000076
中国妇女发展基金会,99,宁夏回族自治区妇女儿童发展基金会,433,43
中国妇女发展基金会,99,安徽省儿童少年基金会,449,27.70000076
中国妇女发展基金会,99,广东省妇女儿童基金会,512,37.90000153
中国妇女发展基金会,99,广西妇女儿童发展基金会,570,43.90000153
中国妇女发展基金会,99,新疆妇女儿童发展基金会,608,52
中国妇女发展基金会,99,河北省佛教慈善基金会,687,29.79999924
中国妇女发展基金会,99,河北省妇女儿童发展基金会,689,36.70000076
中国妇女发展基金会,99,河南省儿童希望救助基金会,701,30.70000076
中国妇女发展基金会,99,湖南省妇女儿童发展基金会,826,28.89999962
中国妇女发展基金会,99,甘肃妇女儿童发展基金会,859,49
中国妇女发展基金会,99,贵州省妇女儿童发展基金会,927,54.09999847
中国妇女发展基金会,99,辽宁省妇女儿童基金会,946,37.90000153
中国妇女发展基金会,99,陕西妇女儿童发展基金会,1007,41.79999924
中国妇女发展基金会,99,黑龙江省妇女儿童基金会,1057,31.89999962
中国孔子基金会,100,广西民族教育发展基金会,576,39.70000076
中国宋庆龄基金会,101,东南大学教育基金会,58,33.70000076
中国宋庆龄基金会,101,北京中国地质大学教育基金会,190,24.70000076
中国宋庆龄基金会,101,北京中央民族大学教育基金会,195,27.70000076
中国宋庆龄基金会,101,北京儿童健康基金会,209,30.70000076
中国宋庆龄基金会,101,北京同仁张晓楼眼科公益基金会,219,38.79999924
中国宋庆龄基金会,101,北京成龙慈善基金会,272,24.70000076
中国宋庆龄基金会,101,北京韩红爱心慈善基金会,320,42.70000076
中国宋庆龄基金会,101,宁夏银川大学教育发展基金会,437,34.90000153
中国宋庆龄基金会,101,涟水县慈善基金会,760,24.70000076
中国宋庆龄基金会,101,赣州市青少年发展基金会,941,33.70000076
中国宋庆龄基金会,101,郑州大学教育发展基金会,966,24.70000076
中国宋庆龄基金会,101,陕西省宋庆龄基金会,1010,26.79999924
中国志愿服务基金会,102,云南省青年创业就业基金会,155,33.70000076
中国志愿服务基金会,102,四川省志愿服务基金会,399,42.70000076
中国志愿服务基金会,102,石家庄市志愿服务基金会,871,33.70000076
中国志愿服务基金会,102,长沙市志愿服务基金会,999,40.90000153
中国扶贫基金会,104,上海王正国创伤医学发展基金会,44,24.70000076
中国扶贫基金会,104,上海联劝公益基金会,50,24.70000076
中国扶贫基金会,104,中国儿童少年基金会,83,33.70000076
中国扶贫基金会,104,北京市农发扶贫基金会,247,26.79999924
中国扶贫基金会,104,北京润生农村发展公益基金会,288,30.70000076
中国扶贫基金会,104,北京荷风艺术基金会,311,24.70000076
中国扶贫基金会,104,吉林师范大学助学基金会,364,24.70000076
中国扶贫基金会,104,天津市鹤童老年公益基金会,424,28.89999962
中国扶贫基金会,104,安徽李恩三慈善基金会,446,24.70000076
中国扶贫基金会,104,常州工程职业技术学院教育发展基金会,485,25.29999924
中国扶贫基金会,104,广东省千禾社区公益基金会,501,31.89999962
中国扶贫基金会,104,广东省南方阅读公益基金会,508,23.20000076
中国扶贫基金会,104,广西壮族自治区扶贫基金会,568,32.79999924
中国扶贫基金会,104,广西帮帮忙教育扶贫基金会,572,23.20000076
中国扶贫基金会,104,武汉市社会组织发展基金会,650,24.70000076
中国扶贫基金会,104,河北进德公益基金会,698,34.90000153
中国扶贫基金会,104,湖北大学教育发展基金会,806,28.89999962
中国扶贫基金会,104,湖南省扶贫基金会,832,34.90000153
中国扶贫基金会,104,重庆市武隆县扶贫基金会,979,24.70000076
中国拥军优属基金会,105,深圳市见义勇为基金会,795,39.70000076
中国教师发展基金会,106,内蒙古自治区人民教育基金会,174,45.70000076
中国教育发展基金会,107,上海交通大学教育发展基金会,4,24.70000076
中国教育发展基金会,107,上海复旦大学教育发展基金会,12,24.70000076
中国教育发展基金会,107,乐至县教育基金会,136,31.89999962
中国教育发展基金会,107,剑阁县教育基金会,186,36.09999847
中国教育发展基金会,107,北京健康长城公益基金会,208,24.70000076
中国教育发展基金会,107,北京外国语大学教育基金会,227,26.79999924
中国教育发展基金会,107,北京大学教育基金会,228,49.90000153
中国教育发展基金会,107,南阳市教育发展基金会,348,33.70000076
中国教育发展基金会,107,四川省广安市教育基金会,398,24.70000076
中国教育发展基金会,107,四川省教育基金会,401,45.70000076
中国教育发展基金会,107,安岳县教育基金会,442,37.29999924
中国教育发展基金会,107,德阳市教育基金会,588,26.79999924
中国教育发展基金会,107,清华大学教育基金会,802,24.70000076
中国教育发展基金会,107,湖南省南华大学教育基金会,823,36.70000076
中国教育发展基金会,107,绵阳市涪城区益生教育基金会,896,29.79999924
中国教育发展基金会,107,贵州省教育发展基金会,929,42.70000076
中国教育发展基金会,107,都江堰市教育发展基金会,968,27.70000076
中国文学艺术基金会,109,中国少数民族文化艺术基金会,100,42.70000076
中国文学艺术基金会,109,中国民航科普基金会,109,27.70000076
中国残疾人福利基金会,111,上海市残疾人福利基金会,28,34
中国残疾人福利基金会,111,云南省残疾人福利基金会,150,55.90000153
中国残疾人福利基金会,111,内蒙古自治区残疾人福利基金会,178,57.09999847
中国残疾人福利基金会,111,北京市残疾人福利基金会,253,38.20000076
中国残疾人福利基金会,111,厦门残疾人福利基金会,353,45.40000153
中国残疾人福利基金会,111,吉林省残疾人福利基金会,369,72.69999695
中国残疾人福利基金会,111,哈尔滨市残疾人福利基金会,383,45.40000153
中国残疾人福利基金会,111,四川省残疾人福利基金会,402,64.30000305
中国残疾人福利基金会,111,大连市残疾人福利基金会,411,38.20000076
中国残疾人福利基金会,111,天津市残疾人福利基金会,420,50.79999924
中国残疾人福利基金会,111,宁夏回族自治区残疾人福利基金会,435,55
中国残疾人福利基金会,111,安徽省残疾人福利基金会,450,27.70000076
中国残疾人福利基金会,111,宝鸡市残疾人福利基金会,458,31.89999962
中国残疾人福利基金会,111,山东省残疾人福利基金会,470,43.29999924
中国残疾人福利基金会,111,山西省残疾人福利基金会,481,58.90000153
中国残疾人福利基金会,111,广东省残疾人公益基金会,529,46.59999847
中国残疾人福利基金会,111,广西残疾人福利基金会,574,48.70000076
中国残疾人福利基金会,111,延安市残疾人福利基金会,580,31.89999962
中国残疾人福利基金会,111,成都市残疾人福利基金会,595,26.79999924
中国残疾人福利基金会,111,新疆生产建设兵团残疾人福利基金会,609,26.79999924
中国残疾人福利基金会,111,新疆维吾尔自治区残疾人福利基金会,612,58
中国残疾人福利基金会,111,武汉市残疾人福利基金会,648,55.90000153
中国残疾人福利基金会,111,江苏省残疾人福利基金会,669,37
中国残疾人福利基金会,111,江西省残疾人福利基金会,681,58
中国残疾人福利基金会,111,河北省残疾人福利基金会,691,68.19999695
中国残疾人福利基金会,111,河北省邢台残疾人福利基金会,695,26.79999924
中国残疾人福利基金会,111,河南省残疾人福利基金会,710,72.69999695
中国残疾人福利基金会,111,济南市残疾人福利基金会,723,40.29999924
中国残疾人福利基金会,111,浙江省残疾人福利基金会,743,43.29999924
中国残疾人福利基金会,111,海南省残疾人基金会,754,39.09999847
中国残疾人福利基金会,111,湖南省残疾人福利基金会,836,38.20000076
中国残疾人福利基金会,111,甘肃省残疾人福利基金会,861,60.09999847
中国残疾人福利基金会,111,福建省残疾人福利基金会,885,31.89999962
中国残疾人福利基金会,111,西藏自治区残疾人福利基金会,920,26.79999924
中国残疾人福利基金会,111,贵州省残疾人福利基金会,930,69.69999695
中国残疾人福利基金会,111,辽宁省残疾人福利基金会,950,44.5
中国残疾人福利基金会,111,都江堰友爱教育基金会,967,33.09999847
中国残疾人福利基金会,111,重庆市残疾人福利基金会,980,50.5
中国残疾人福利基金会,111,长春市残疾人福利基金会,992,42.40000153
中国残疾人福利基金会,111,陕西省残疾人福利基金会,1011,79
中国残疾人福利基金会,111,青岛市残疾人福利基金会,1028,50.79999924
中国残疾人福利基金会,111,青海省残疾人福利基金会,1033,40.29999924
中国残疾人福利基金会,111,黑龙江省残疾人福利基金会,1058,70.59999847
中国民航科普基金会,112,西藏高山文化发展基金会,922,27.70000076
中国法律援助基金会,114,云南省法律援助基金会,151,30.70000076
中国法律援助基金会,114,武汉市法律援助基金会,649,30.70000076
中国法律援助基金会,114,重庆市法律援助基金会,982,34.90000153
中国海油海洋环境与生态保护公益基金会,115,中国儿童少年基金会,83,27.70000076
中国海油海洋环境与生态保护公益基金会,115,宁夏回族自治区扶贫基金会,434,47.79999924
中国海油海洋环境与生态保护公益基金会,115,广东省环境保护基金会,532,27.70000076
中国海油海洋环境与生态保护公益基金会,115,江西省青少年发展基金会,682,27.70000076
中国电影基金会,116,北京成龙慈善基金会,272,55.90000153
中国留学人才发展基金会,117,北京交通大学教育基金会,204,51.70000076
中国留学人才发展基金会,117,广州市时代地产公益基金会,558,68.5
中国社会福利基金会,118,上海仁德基金会,5,27.70000076
中国社会福利基金会,118,中华少年儿童慈善救助基金会,69,36.70000076
中国社会福利基金会,118,中国艺术节基金会,123,29.79999924
中国社会福利基金会,118,北京感恩公益基金会,268,30.70000076
中国社会福利基金会,118,北京春苗儿童救助基金会,277,40.90000153
中国社会福利基金会,118,北京瑞普华老年救助基金会,292,24.70000076
中国社会福利基金会,118,北京绿色阳光环保公益基金会,302,24.70000076
中国社会福利基金会,118,深圳市社会公益基金会,790,33.70000076
中国社会福利基金会,118,深圳市龙越慈善基金会,801,37.90000153
中国社会福利基金会,118,湖南省志愿服务基金会,831,28.89999962
中国社会福利基金会,118,贵州省青年志愿服务基金会,938,26.79999924
中国禁毒基金会,119,贵州省禁毒基金会,932,27.70000076
中国移动慈善基金会,120,中国教育发展基金会,104,78.09999847
中国红十字基金会,121,传媒大学教育基金会,157,24.70000076
中国红十字基金会,121,辽宁省红十字基金会,953,38.79999924
中国红十字基金会,121,重庆市儿童医疗救助基金会,973,43.29999924
中国红十字基金会,121,陕西省红十字基金会,1012,35.79999924
中国经济改革研究基金会,122,北京中改创新人才发展基金会,198,42.70000076
中国绿化基金会,123,北京绿色阳光环保公益基金会,302,24.70000076
中国绿化基金会,123,武汉白鱀豚保护基金会,655,24.70000076
中国老龄事业发展基金会,125,山东省老龄事业发展基金会,471,27.70000076
中国老龄事业发展基金会,125,湖南省老龄事业发展基金会,843,35.79999924
中国老龄事业发展基金会,125,青海省雪域仁济慈善基金会,1036,39.70000076
中国肝炎防治基金会,126,上海市慈善基金会,24,30.70000076
中国肝炎防治基金会,126,吴阶平医学基金会,377,35.79999924
中国西部人才开发基金会,127,北京大学教育基金会,228,33.70000076
中国西部人才开发基金会,127,北京师范大学教育基金会,261,47.79999924
中国西部人才开发基金会,127,浙江大学教育基金会,731,38.79999924
中国金融教育发展基金会,128,中国光华科技基金会,84,50.79999924
中国金融教育发展基金会,128,中国青年创业就业基金会,127,42.70000076
中国青少年发展基金会,129,上海市青少年发展基金会,32,24.70000076
中国青少年发展基金会,129,上海杉树公益基金会,40,24.70000076
中国青少年发展基金会,129,中国华文教育基金会,91,36.70000076
中国青少年发展基金会,129,中国禁毒基金会,115,36.70000076
中国青少年发展基金会,129,云南省青少年发展基金会,154,48.09999847
中国青少年发展基金会,129,内蒙古民萌北方生态研究基金会,171,23.20000076
中国青少年发展基金会,129,内蒙古自治区青少年发展基金会,179,40
中国青少年发展基金会,129,北京感恩公益基金会,268,26.79999924
中国青少年发展基金会,129,北京新阳光慈善基金会,274,32.79999924
中国青少年发展基金会,129,北京蓝蝶公益基金会,313,29.79999924
中国青少年发展基金会,129,南都公益基金会,347,33.70000076
中国青少年发展基金会,129,吉林省青少年发展基金会,372,37.90000153
中国青少年发展基金会,129,四川广安中学教育发展基金会,390,23.20000076
中国青少年发展基金会,129,四川省青少年发展基金会,405,47.20000076
中国青少年发展基金会,129,天津市青少年发展基金会,422,33.09999847
中国青少年发展基金会,129,宁夏青少年发展基金会,438,41.20000076
中国青少年发展基金会,129,安徽省青少年发展基金会,453,42.09999847
中国青少年发展基金会,129,山东省青少年发展基金会,473,42.09999847
中国青少年发展基金会,129,山西省青少年发展基金会,482,32.79999924
中国青少年发展基金会,129,新疆生产建设兵团青少年发展基金会,610,29.79999924
中国青少年发展基金会,129,新疆维吾尔自治区青少年发展基金会,615,40
中国青少年发展基金会,129,江西省青少年发展基金会,682,42.09999847
中国青少年发展基金会,129,河南省青少年发展基金会,713,35.79999924
中国青少年发展基金会,129,浙江省青少年发展基金会,747,39.09999847
中国青少年发展基金会,129,深圳市青少年发展基金会,800,24.70000076
中国青少年发展基金会,129,湖北省青少年发展基金会,817,45.09999847
中国青少年发展基金会,129,湖南省青少年发展基金会,850,40.90000153
中国青少年发展基金会,129,甘肃省青少年发展基金会,864,36.70000076
中国青少年发展基金会,129,西藏青少年发展基金会,921,26.79999924
中国青少年发展基金会,129,贵州省青年创业就业基金会,937,27.70000076
中国青少年发展基金会,129,辽宁省青少年发展基金会,957,44.20000076
中国青少年发展基金会,129,重庆市青少年发展基金会,985,37
中国青少年发展基金会,129,陕西省青少年发展基金会,1015,35.79999924
中国青少年发展基金会,129,青海省青少年发展基金会,1037,38.79999924
中国青少年发展基金会,129,黑龙江省青少年发展基金会,1059,43
中国青年创业就业基金会,130,云南省青年创业就业基金会,155,52.29999924
中国青年创业就业基金会,130,内蒙古青年创业就业基金会,182,36.70000076
中国青年创业就业基金会,130,吉林省青年创业就业基金会,373,43
中国青年创业就业基金会,130,四川省青年创业就业基金会,406,43
中国青年创业就业基金会,130,宁夏青年创业就业基金会,439,42.70000076
中国青年创业就业基金会,130,山东省青年创业就业基金会,474,29.79999924
中国青年创业就业基金会,130,山西省创业就业基金会,478,39.70000076
中国青年创业就业基金会,130,广东省千禾社区公益基金会,501,30.70000076
中国青年创业就业基金会,130,新疆生产建设兵团青年创业增收基金会,611,33.70000076
中国青年创业就业基金会,130,新疆青年创业就业基金会,616,46
中国青年创业就业基金会,130,河北省青年就业创业基金会,697,43
中国青年创业就业基金会,130,河南省青年创业就业基金会,714,40.90000153
中国青年创业就业基金会,130,湖北省青年创业就业基金会,818,42.09999847
中国青年创业就业基金会,130,湖南青年创业就业基金会,853,42.09999847
中国青年创业就业基金会,130,贵州省青年创业就业基金会,937,43
中国青年创业就业基金会,130,辽宁省青年创业基金会,958,24.70000076
中国青年创业就业基金会,130,重庆市青年创新创业基金会,986,32.79999924
中国青年创业就业基金会,130,长春师范大学教育基金会,994,23.20000076
中国青年创业就业基金会,130,陕西省青年创业就业基金会,1016,33.70000076
中国青年创业就业基金会,130,青海省青年创业就业基金会,1038,36.70000076
中国青年创业就业基金会,130,黑龙江省青年创业就业基金会,1060,40
中天爱心慈善基金会,132,浙江省扶贫基金会,741,48.70000076
中社社会工作发展基金会,133,上海真爱梦想公益基金会,47,38.79999924
中社社会工作发展基金会,133,中国儿童少年基金会,83,38.79999924
中社社会工作发展基金会,133,中国扶贫基金会,102,33.70000076
中社社会工作发展基金会,133,中国社会福利基金会,114,27.70000076
中社社会工作发展基金会,133,中国金融教育发展基金会,125,36.70000076
中社社会工作发展基金会,133,北京师范大学教育基金会,261,38.79999924
中社社会工作发展基金会,133,北京达理公益基金会,316,42.70000076
中社社会工作发展基金会,133,天津市华夏器官移植救助基金会,418,39.70000076
中社社会工作发展基金会,133,清华大学教育基金会,802,48.70000076
中社社会工作发展基金会,133,雅安市教育基金会,1023,36.70000076
中脉公益基金会,136,云南省关心下一代基金会,146,27.70000076
中脉公益基金会,136,北京阳光未来艺术教育基金会,317,39.70000076
中远海运慈善基金会,137,上海海事大学教育发展基金会,42,24.70000076
中远海运慈善基金会,137,成都市教育基金会,594,38.79999924
中远海运慈善基金会,137,武汉理工大学教育发展基金会,654,28.89999962
丹东市双灵慈善基金会,139,丹东市公安民警救助基金会,132,45.70000076
云南大益爱心基金会,145,东莞市东莞理工学院教育发展基金会,62,27.70000076
云南大益爱心基金会,145,云南省青年创业就业基金会,155,36.70000076
云南大益爱心基金会,145,北京第二外国语学院教育发展基金会,300,27.70000076
云南大益爱心基金会,145,山东大学教育基金会,462,30.70000076
云南大益爱心基金会,145,广东省顺德职业技术学院教育发展基金会,547,24.70000076
云南大益爱心基金会,145,广西师范大学教育发展基金会,571,29.79999924
云南大益爱心基金会,145,浙江大学宁波理工学院教育发展基金会,730,29.79999924
云南大益爱心基金会,145,湖北大学教育发展基金会,806,31.89999962
云南振英润云公益基金会,146,云南民族文化发展基金会,144,51.70000076
云南状元文化公益基金会,148,云南同行公益基金会,140,42.70000076
云南省俊发教育扶贫基金会,149,广东省麦田教育基金会,549,39.70000076
云南省温暖工程慈善基金会,150,云南省普洱市教育基金会,149,39.70000076
云南省青少年发展基金会,151,云南君仁博爱基金会,141,27.70000076
亨通慈善基金会,155,中国光彩事业基金会,85,47.79999924
亨通慈善基金会,155,中国妇女发展基金会,98,33.70000076
亨通慈善基金会,155,中国社会福利基金会,114,44.79999924
亨通慈善基金会,155,江苏光彩事业基金会,659,38.79999924
亨通慈善基金会,155,江苏省法律援助基金会,670,42.70000076
亨通慈善基金会,155,江苏省美德基金会,671,44.79999924
人保慈善基金会,156,中华健康快车基金会,65,33.70000076
人保慈善基金会,156,中国妇女发展基金会,98,52.90000153
人保慈善基金会,156,中国青少年发展基金会,126,42.70000076
人保慈善基金会,156,北京圆明园遗址保护基金会,225,42.70000076
亿利公益基金会,157,中国光彩事业基金会,85,55
亿利公益基金会,157,中国绿化基金会,118,45.70000076
余彭年慈善基金会,158,上海交通大学教育发展基金会,4,39.70000076
余彭年慈善基金会,158,上海复旦大学教育发展基金会,12,39.70000076
余彭年慈善基金会,158,北京大学教育基金会,228,39.70000076
余彭年慈善基金会,158,南京大学教育发展基金会,331,39.70000076
余彭年慈善基金会,158,天津南开大学教育基金会,414,39.70000076
余彭年慈善基金会,158,深圳市南方科技大学教育基金会,774,39.70000076
内蒙古乌拉特后旗盛安爱心济困基金会,164,中国红十字基金会,117,42.70000076
内蒙古云曙碧公益事业基金会,165,兴安盟人民教育基金会,163,52
内蒙古云曙碧公益事业基金会,165,巴彦淖尔市人民教育基金会,484,47.79999924
内蒙古民族青年文化艺术基金会,166,北京市企业家环保基金会,243,47.79999924
内蒙古西蒙公益基金会,167,内蒙古自治区青少年发展基金会,179,30.70000076
内蒙古隆扬特殊教育基金会,168,内蒙古隆扬特殊教育基金会,181,50.79999924
凉山州关心下一代基金会,169,西昌市关心下一代基金会,917,39.70000076
凯风公益基金会,170,华民慈善基金会,325,27.70000076
凯风公益基金会,170,清华大学教育基金会,802,46.90000153
凯风公益基金会,170,陕西纯山教育基金会,1018,24.70000076
包商银行公益基金会,172,内蒙古光彩事业基金会,166,48.70000076
包商银行公益基金会,172,包头市扶贫基金会,187,27.70000076
包商银行公益基金会,172,北京大学教育基金会,228,51.70000076
包商银行公益基金会,172,友成企业家扶贫基金会,354,39.70000076
北京SMC教育基金会,174,上海交通大学教育发展基金会,4,40.90000153
北京SMC教育基金会,174,北京理工大学教育基金会,291,35.79999924
北京SMC教育基金会,174,北京航空航天大学教育基金会,307,35.79999924
北京SMC教育基金会,174,南京理工大学教育发展基金会,339,35.79999924
北京SMC教育基金会,174,哈尔滨工业大学教育发展基金会,380,35.79999924
北京SMC教育基金会,174,河北省燕山大学教育基金会,692,32.79999924
北京SMC教育基金会,174,西安交通大学教育基金会,916,35.79999924
北京SMC教育基金会,174,辽宁省大连海事大学教育发展基金会,944,37.90000153
北京万通公益基金会,175,上海阎宝航社会公益基金会,54,48.70000076
北京三一公益基金会,176,长沙县教育基金会,996,45.70000076
北京世纪慈善基金会,177,上海交通大学教育发展基金会,4,39.70000076
北京世纪慈善基金会,177,上海财经大学教育发展基金会,53,39.70000076
北京世纪慈善基金会,177,北京宏信公益基金会,232,51.70000076
北京世纪慈善基金会,177,南京大学教育发展基金会,331,39.70000076
北京世纪慈善基金会,177,厦门大学教育发展基金会,351,39.70000076
北京世纪慈善基金会,177,四川省光华教育发展基金会,394,39.70000076
北京世纪慈善基金会,177,天津南开大学教育基金会,414,39.70000076
北京世纪慈善基金会,177,天津大学北洋教育发展基金会,415,39.70000076
北京世纪慈善基金会,177,扬州大学教育发展基金会,600,39.70000076
北京中伦公益基金会,178,北京市企业家环保基金会,243,39.70000076
北京中伦公益基金会,178,武汉大学姚梅镇法学基金会,644,30.70000076
北京中伦公益基金会,178,辽宁爱之光防盲基金会,942,33.70000076
北京中国国家博物馆事业发展基金会,179,北京大学教育基金会,228,39.70000076
北京中央音乐学院教育基金会,180,北京中央音乐学院教育基金会,197,48.70000076
北京中艺艺术基金会,181,北京国际音乐节艺术基金会,224,45.70000076
北京中金公益基金会,182,中国发展研究基金会,93,51.70000076
北京中间艺术基金会,183,北京文化发展基金会,273,51.70000076
北京京东公益基金会,184,上海中欧国际工商学院教育发展基金会,2,51.70000076
北京京东公益基金会,184,北京市中国人民大学教育基金会,239,51.70000076
北京京华公益事业基金会,185,北京市残疾人福利基金会,253,45.70000076
北京京安公益基金会,186,北京中国政法大学教育基金会,191,45.70000076
北京亿方公益基金会,187,爱佑慈善基金会,857,33.70000076
北京修远经济与社会研究基金会,188,广东省国强公益基金会,511,51.70000076
北京修远经济与社会研究基金会,188,浙江敦和慈善基金会,733,51.70000076
北京光华慈善基金会,189,北京光华慈善基金会,210,53.79999924
北京光彩公益基金会,190,中国光彩事业基金会,85,42.70000076
北京光彩公益基金会,190,北京交通大学教育基金会,204,33.70000076
北京光彩公益基金会,190,北京成长教育发展基金会,271,36.70000076
北京光彩公益基金会,190,首都师范大学教育基金会,1043,45.70000076
北京兴大助学基金会,191,中央财经大学教育基金会,130,38.79999924
北京兴大助学基金会,191,清华大学教育基金会,802,41.79999924
北京凌盛爱心公益基金会,192,北京对外经济贸易大学教育基金会,233,51.70000076
北京利星行慈善基金会,193,中国儿童少年基金会,83,39.70000076
北京华亚艺术基金会,194,中国听力医学发展基金会,94,51.70000076
北京华彬文化基金会,196,北京中央美术学院教育发展基金会,196,39.70000076
北京华彬文化基金会,196,北京市戏曲艺术发展基金会,251,32.79999924
北京启行青年发展基金会,199,中国青少年发展基金会,126,45.70000076
北京国珍爱心基金会,200,中国西部人才开发基金会,124,51.70000076
北京国珍爱心基金会,200,中国青少年发展基金会,126,51.70000076
北京大学教育基金会,201,北京协和医学院教育基金会,215,24.70000076
北京太阳谷慈善基金会,202,深圳壹基金公益基金会,764,35.79999924
北京妇女儿童发展基金会,203,中国妇女发展基金会,98,50.79999924
北京妇女儿童发展基金会,203,首都见义勇为基金会,1045,42.70000076
北京妈祖仁爱慈善基金会,204,北京京华公益事业基金会,205,50.79999924
北京宏信公益基金会,205,四川省光华教育发展基金会,394,39.70000076
北京尚善公益基金会,207,中国社会福利基金会,114,42.70000076
北京尚善公益基金会,207,北京中央戏剧学院教育发展基金会,194,52.90000153
北京尚善公益基金会,207,北京大学教育基金会,228,49.90000153
北京尚善公益基金会,207,北京师范大学教育基金会,261,49.90000153
北京巧女公益基金会,208,北京市中国人民大学教育基金会,239,51.70000076
北京巧女公益基金会,208,北京林业大学教育基金会,280,53.79999924
北京巧女公益基金会,208,深圳市亚太国际公益教育基金会,769,53.79999924
北京市企业家环保基金会,210,云南省绿色环境发展基金会,152,39.70000076
北京市企业家环保基金会,210,云南省青少年发展基金会,154,39.70000076
北京市企业家环保基金会,210,北京彩虹公益基金会,264,51.70000076
北京市企业家环保基金会,210,北京自然之友公益基金会,306,44.79999924
北京市企业家环保基金会,210,广东省希贤教育基金会,516,41.79999924
北京市企业家环保基金会,210,广东省绿芽乡村妇女发展基金会,537,38.79999924
北京市企业家环保基金会,210,深圳市红树林湿地保护基金会,792,52.90000153
北京市刘光鼎地球物理科学基金会,211,中国地质大学（武汉）教育发展基金会,97,42.70000076
北京市华夏人慈善基金会,212,上海真爱梦想公益基金会,47,39.70000076
北京市华夏人慈善基金会,212,中国红十字基金会,117,36.70000076
北京市华夏人慈善基金会,212,中国青少年发展基金会,126,24.70000076
北京市华夏人慈善基金会,212,马鞍山二中教育基金会,1047,30.70000076
北京市博士爱心基金会,214,清华大学教育基金会,802,48.70000076
北京市壹嘉壹慈善基金会,215,四川省关心下一代基金会,395,48.70000076
北京市戏曲艺术发展基金会,216,北京戏曲艺术教育基金会,270,27.70000076
北京市搜候中国城市文化基金会,217,北京乐平公益基金会,201,38.79999924
北京市搜候中国城市文化基金会,217,深圳壹基金公益基金会,764,51.70000076
北京市永源公益基金会,218,中华社会救助基金会,73,48.70000076
北京市永源公益基金会,218,传媒大学教育基金会,157,55.90000153
北京市红十字基金会,219,北京怡海公益基金会,267,32.79999924
北京市红十字基金会,219,陕西省红十字基金会,1012,50.79999924
北京市西部阳光农村发展基金会,220,北京自然之友公益基金会,306,39.70000076
北京市金杜公益基金会,221,中华见义勇为基金会,75,36.70000076
北京市金杜公益基金会,221,北京对外经济贸易大学教育基金会,233,51.70000076
北京市金杜公益基金会,221,北京市法律援助基金会,255,42.70000076
北京市银杏公益基金会,222,广东省麦田教育基金会,549,33.70000076
北京市长江科技扶贫基金会,223,中华少年儿童慈善救助基金会,69,30.70000076
北京市长江科技扶贫基金会,223,北京市希望公益基金会,248,55.90000153
北京市长江科技扶贫基金会,223,北京永真公益基金会,287,38.79999924
北京市长江科技扶贫基金会,223,河南省儿童希望救助基金会,701,33.70000076
北京市长江科技扶贫基金会,223,深圳市慈缘慈善基金会,781,47.79999924
北京市阳光保险爱心基金会,224,广东省财新公益基金会,542,42.70000076
北京市阳光保险爱心基金会,224,清华大学教育基金会,802,51.70000076
北京市鸿儒金融教育基金会,225,中国金融教育发展基金会,125,34.90000153
北京市鸿儒金融教育基金会,225,四川省光华教育发展基金会,394,39.70000076
北京市鸿儒金融教育基金会,225,清华大学教育基金会,802,51.09999847
北京弘毅慈善基金会,227,南京大学教育发展基金会,331,51.70000076
北京德恒公益基金会,228,北京中国青年政治学院教育基金会,193,42.70000076
北京志远功臣关爱基金会,229,北京市公安民警抚助基金会,246,50.79999924
北京怡海公益基金会,230,中国华侨公益基金会,89,53.79999924
北京怡海公益基金会,230,中国教育发展基金会,104,48.70000076
北京感恩公益基金会,231,北京厚德善行慈善基金会,217,48.70000076
北京文化发展基金会,234,北京中间艺术基金会,199,48.70000076
北京新阳光慈善基金会,235,北京球爱的天空慈善基金会,290,45.70000076
北京智慧城市公益基金会,236,北京萤火虫爱心公益基金会,312,36.70000076
北京柏年公益基金会,237,上海交通大学教育发展基金会,4,51.70000076
北京柏年公益基金会,237,上海复旦大学教育发展基金会,12,51.70000076
北京柏年公益基金会,237,中国农业大学教育基金会,87,51.70000076
北京柏年公益基金会,237,内蒙古民族教育发展基金会,170,53.79999924
北京柏年公益基金会,237,北京中国石油大学教育基金会,192,50.79999924
北京柏年公益基金会,237,北京中央民族大学教育基金会,195,51.70000076
北京柏年公益基金会,237,北京师范大学教育基金会,261,53.79999924
北京柏年公益基金会,237,天津南开大学教育基金会,414,51.70000076
北京柏年公益基金会,237,山东省中国石油大学教育发展基金会,465,51.70000076
北京桥爱慈善基金会,238,中华少年儿童慈善救助基金会,69,50.79999924
北京歌华文化创意产业发展基金会,239,北京歌华文化创意产业发展基金会,283,48.70000076
北京民生文化艺术基金会,240,鲁迅文化基金会,1048,53.79999924
北京水源保护基金会,241,山东环境保护基金会,463,36.70000076
北京水源保护基金会,241,湖南省志愿服务基金会,831,33.70000076
北京永真公益基金会,242,中国儿童少年基金会,83,51.70000076
北京永青农村发展基金会,243,昭通市青少年发展基金会,624,51.70000076
北京爱思开幸福公益基金会,244,中国光华科技基金会,84,48.70000076
北京球爱的天空慈善基金会,246,深圳壹基金公益基金会,764,48.70000076
北京球爱的天空慈善基金会,246,深圳市慈缘慈善基金会,781,51.70000076
北京球爱的天空慈善基金会,246,深圳市球爱同行慈善基金会,788,48.70000076
北京球爱的天空慈善基金会,246,清华大学教育基金会,802,51.70000076
北京瑞普华老年救助基金会,247,中国妇女发展基金会,98,48.70000076
北京百度公益基金会,248,中华少年儿童慈善救助基金会,69,39.70000076
北京百度公益基金会,248,中华思源工程扶贫基金会,70,45.70000076
北京百度公益基金会,248,中国光彩事业基金会,85,48.70000076
北京百度公益基金会,248,中国扶贫基金会,102,42.70000076
北京百度公益基金会,248,中国教育发展基金会,104,51.70000076
北京百度公益基金会,248,中国残疾人福利基金会,108,48.70000076
北京百度公益基金会,248,北京太阳谷慈善基金会,230,36.70000076
北京百度公益基金会,248,北京尚善公益基金会,234,30.70000076
北京百度公益基金会,248,北京市公安民警抚助基金会,246,50.79999924
北京百度公益基金会,248,北京文化发展基金会,273,45.70000076
北京百度公益基金会,248,北京水源保护基金会,286,45.70000076
北京百度公益基金会,248,北京爱它动物保护公益基金会,289,44.79999924
北京百度公益基金会,248,爱佑慈善基金会,857,45.70000076
北京益公公益基金会,249,中国社会福利基金会,114,33.70000076
北京科技大学教育发展基金会,251,中华国际科学交流基金会,68,48.70000076
北京精瑞人居发展基金会,253,河北进德公益基金会,698,51.70000076
北京美新路公益基金会,254,中国社会福利基金会,114,42.70000076
北京联想控股公益基金会,255,中国人口福利基金会,81,51.70000076
北京联想控股公益基金会,255,中国妇女发展基金会,98,51.70000076
北京联想控股公益基金会,255,中国志愿服务基金会,101,55.90000153
北京联想控股公益基金会,255,北京乐平公益基金会,201,55.90000153
北京萤火虫爱心公益基金会,256,北京萤火虫爱心公益基金会,312,36.70000076
北京达理公益基金会,257,北京春晖博爱儿童救助公益基金会,276,55.90000153
北京达理公益基金会,257,深圳市亚太国际公益教育基金会,769,51.70000076
北京金融街慈善基金会,258,北京市体育基金会,244,51.70000076
北京银泰公益基金会,259,四川桃花源生态保护基金会,391,53.79999924
北京锐捷公益基金会,260,中华社会救助基金会,73,39.70000076
北京锐捷公益基金会,260,中国扶贫基金会,102,39.70000076
北京阳光老年健康基金会,262,广东省财新公益基金会,542,51.70000076
北京青少年发展基金会,263,云南省青少年发展基金会,154,35.79999924
北京青少年发展基金会,263,内蒙古自治区青少年发展基金会,179,36.70000076
北京青少年发展基金会,263,北京中国地质大学教育基金会,190,27.70000076
北京青少年发展基金会,263,北京四中校友促进教育基金会,221,36.70000076
北京青少年发展基金会,263,吉林省青少年发展基金会,372,35.79999924
北京青少年发展基金会,263,四川省青少年发展基金会,405,49.90000153
北京青少年发展基金会,263,新疆维吾尔自治区青少年发展基金会,615,46
北京青少年发展基金会,263,江西省青少年发展基金会,682,36.70000076
北京青少年发展基金会,263,河北省青少年发展基金会,696,36.70000076
北京青少年发展基金会,263,青海省青少年发展基金会,1037,36.70000076
北海天宁慈善基金会,264,广西青少年发展基金会,579,49
北海天宁慈善基金会,264,深圳市红树林湿地保护基金会,792,45.70000076
华中师范大学教育发展基金会,265,湖北省章开沅文化交流基金会,816,41.79999924
华民慈善基金会,267,北京中央民族大学教育基金会,195,30.70000076
华民慈善基金会,267,南京信息大学教育发展基金会,327,27.70000076
华民慈善基金会,267,深圳市郑卫宁慈善基金会,798,50.79999924
华民慈善基金会,267,陕西纯山教育基金会,1018,33.70000076
华阳慈善基金会,268,中国残疾人福利基金会,108,48.70000076
华阳慈善基金会,268,清华大学教育基金会,802,58
华鼎国学研究基金会,269,北京四中校友促进教育基金会,221,39.70000076
南京信息大学教育发展基金会,270,华民慈善基金会,325,24.70000076
南京儿童医院医学发展医疗救助基金会,271,南京医科大学教育发展基金会,329,45.70000076
南京大学教育发展基金会,272,南京市金陵中学教育发展基金会,338,30.70000076
南京新城市慈善基金会,274,南京外国语学校教育基金会,330,51.70000076
南京新城市慈善基金会,274,南京理工大学教育发展基金会,339,51.70000076
南京柯菲平公益基金会,275,南京工业大学教育发展基金会,333,47.79999924
南京金鹰国际慈济基金会,276,南京市中小学幼儿教师奖励基金会,334,35.79999924
南京金鹰国际慈济基金会,276,南京市残疾人福利基金会,336,39.70000076
南京金鹰国际慈济基金会,276,江苏省残疾人福利基金会,669,48.70000076
南充市教育基金会,278,四川省教育基金会,401,48.70000076
南昌市汇仁教育基金会,279,江西省政协海外扶贫基金会,680,42.70000076
南航“十分”关爱基金会,280,天津中国民航大学教育发展基金会,413,36.70000076
南航“十分”关爱基金会,280,广东省广东外语外贸大学教育发展基金会,517,40.90000153
南通市慈善基金会,281,南通市崇川区慈善基金会,345,30.70000076
南都公益基金会,282,上海联劝公益基金会,50,30.70000076
南都公益基金会,282,中华社会救助基金会,73,27.70000076
南都公益基金会,282,中国扶贫基金会,102,30.70000076
南都公益基金会,282,中国青少年发展基金会,126,27.70000076
南都公益基金会,282,北京乐平公益基金会,201,49
南都公益基金会,282,北京大学教育基金会,228,32.79999924
南都公益基金会,282,北京市西部阳光农村发展基金会,257,33.70000076
南都公益基金会,282,北京市银杏公益基金会,258,49.90000153
南都公益基金会,282,北京水源保护基金会,286,40
南都公益基金会,282,北京病痛挑战公益基金会,294,36.70000076
南都公益基金会,282,北京美新路公益基金会,303,35.79999924
南都公益基金会,282,南都公益基金会,347,24.70000076
南都公益基金会,282,广东省君华公益基金会,509,26.79999924
南都公益基金会,282,广东省慧灵智障人士扶助基金会,522,32.79999924
南都公益基金会,282,广东省雪松公益基金会,544,29.79999924
南都公益基金会,282,无锡灵山慈善基金会,619,27.70000076
南都公益基金会,282,河南省天慈公益基金会,705,29.79999924
南都公益基金会,282,爱德基金会,858,24.70000076
南都公益基金会,282,陕西纯山教育基金会,1018,24.70000076
厦门市妇女儿童发展基金会,283,扬州市翔宇妇女儿童基金会,603,33.70000076
厦门市禹洲公益基金会,285,厦门大学教育发展基金会,351,51.70000076
厦门市红十字基金会,286,厦门残疾人福利基金会,353,36.70000076
厦门市革命传统教育发展基金会,287,厦门市红十字基金会,352,36.70000076
厦门建安慈善基金会,288,福建集美大学教育发展基金会,892,51.70000076
友成企业家扶贫基金会,289,上海真爱梦想公益基金会,47,46
友成企业家扶贫基金会,289,云南省青少年发展基金会,154,32.79999924
友成企业家扶贫基金会,289,北京修实公益基金会,206,41.79999924
友成企业家扶贫基金会,289,北京美新路公益基金会,303,24.70000076
友成企业家扶贫基金会,289,深圳市远见教育发展基金会,797,31.89999962
友成企业家扶贫基金会,289,清华大学教育基金会,802,31.89999962
友成企业家扶贫基金会,289,湖北省刘道玉教育基金会,811,25.29999924
友成企业家扶贫基金会,289,陈香梅公益基金会,1006,31.89999962
合肥市阳光志愿服务基金会,294,安徽道德建设基金会,455,45.70000076
吉林省中东爱心基金会,297,北京市残疾人福利基金会,253,45.70000076
吉林省康乃尔公益基金会,299,中国妇女发展基金会,98,45.70000076
吉林省延边朝鲜族自治州老龄事业发展基金会,300,吉林省延边朝鲜族自治州老龄事业发展基金会,368,48.70000076
吉林省残疾人福利基金会,301,吉林省残疾人福利基金会,369,36.70000076
吉林省残疾人福利基金会,301,长春市残疾人福利基金会,992,35.79999924
吉林省神华社会救助基金会,302,吉林市公安民警优抚基金会,362,52.90000153
吉林省见义勇为基金会,303,吉林市见义勇为基金会,363,36.70000076
吉林省见义勇为基金会,303,辽源市见义勇为基金会,960,30.70000076
吉林省见义勇为基金会,303,长春市见义勇为基金会,993,53.20000076
启东市慈善基金会,305,启东市孙锦昌助学奖学教育基金会,374,40
启明公益基金会,306,丽水市莲都区人民教育基金会,133,27.70000076
启明公益基金会,306,武汉市公安民警英烈基金会,647,33.70000076
启明公益基金会,306,贵州省教育发展基金会,929,45.70000076
启明公益基金会,306,重庆市开县教育基金会,976,33.70000076
吴作人国际美术基金会,307,北京大学教育基金会,228,46
吴江盛虹爱心基金会,308,苏州市吴江区慈善基金会,905,51.70000076
吴阶平医学基金会,309,中国初级卫生保健基金会,88,51.70000076
吴阶平医学基金会,309,中国器官移植发展基金会,95,30.70000076
吴阶平医学基金会,309,中国科学技术大学教育基金会,116,48.70000076
哈尔滨市残疾人福利基金会,314,哈尔滨市公安民警救助基金会,381,39.70000076
哈尔滨市残疾人福利基金会,314,哈尔滨市南岗区残疾人福利基金会,382,35.79999924
嘉兴市南湖区中证教育基金会,317,浙江省北京师范大学南湖附属学校教育基金会,737,53.79999924
四川仁爱医疗基金会,320,四川省残疾人福利基金会,402,45.70000076
四川成都蓝光助学基金会,321,四川省青少年发展基金会,405,51.70000076
四川成都蓝光助学基金会,321,成都市教育基金会,594,53.79999924
四川桃花源生态保护基金会,322,深圳市桃花源生态保护基金会,785,42.70000076
四川省关心下一代基金会,323,乐山市关心下一代基金会,134,42.70000076
四川省关心下一代基金会,323,凉山州关心下一代基金会,184,45.70000076
四川省关心下一代基金会,323,德阳市关心下一代基金会,587,42.70000076
四川省关心下一代基金会,323,成都市龙泉驿区关心下一代基金会,598,42.70000076
四川省关心下一代基金会,323,攀枝花市关心下一代基金会,606,42.70000076
四川省关心下一代基金会,323,泸州市关心下一代基金会,720,38.79999924
四川省关心下一代基金会,323,眉山市关心下一代基金会,870,42.70000076
四川省关心下一代基金会,323,绵阳市关心下一代基金会,895,52.90000153
四川省关心下一代基金会,323,西昌市关心下一代基金会,917,41.79999924
四川省关心下一代基金会,323,资阳市关心下一代基金会,940,44.79999924
四川省关心下一代基金会,323,遂宁市关心下一代基金会,963,42.70000076
四川省关心下一代基金会,323,雅安市关心下一代基金会,1022,54.09999847
四川省教育基金会,326,南充市教育基金会,341,30.70000076
四川省教育基金会,326,四川省广安市教育基金会,398,30.70000076
四川省教育基金会,326,广元市教育基金会,550,32.79999924
四川省教育基金会,326,益阳市教育基金会,865,39.70000076
四川省残疾人福利基金会,327,成都市残疾人福利基金会,595,45.70000076
四川省民生慈善基金会,328,四川天泽慈善基金会,389,30.70000076
四川省红十字基金会,329,四川省关心下一代基金会,395,48.70000076
四川省隆昌教育基金会,330,雅安市教育基金会,1023,42.70000076
四川省青少年发展基金会,331,四川省贫困地区人才培育研究基金会,404,24.70000076
四川省青少年发展基金会,331,成都理工大学教育发展基金会,599,24.70000076
四川资阳五月阳光教育基金会,334,山西医科大学教育发展基金会,476,51.70000076
国家电网公益基金会,336,上海交通大学教育发展基金会,4,24.70000076
国家电网公益基金会,336,东南大学教育基金会,58,24.70000076
国家电网公益基金会,336,中国残疾人福利基金会,108,36.70000076
国家电网公益基金会,336,北京华北电力大学教育基金会,213,24.70000076
国家电网公益基金会,336,华中科技大学教育发展基金会,324,24.70000076
国家电网公益基金会,336,哈尔滨工业大学教育发展基金会,380,24.70000076
国家电网公益基金会,336,四川大学教育基金会,388,24.70000076
国家电网公益基金会,336,天津大学北洋教育发展基金会,415,24.70000076
国家电网公益基金会,336,山东大学教育基金会,462,27.70000076
国家电网公益基金会,336,武汉大学教育发展基金会,645,24.70000076
国家电网公益基金会,336,江苏省青少年发展基金会,672,38.79999924
国家电网公益基金会,336,浙江大学教育基金会,731,24.70000076
国家电网公益基金会,336,清华大学教育基金会,802,27.70000076
国家电网公益基金会,336,湖南省长沙理工大学教育基金会,848,24.70000076
国家电网公益基金会,336,西安交通大学教育基金会,916,24.70000076
国家电网公益基金会,336,重庆大学教育发展基金会,970,24.70000076
增爱公益基金会,338,湖南省汝城县教育基金会,837,27.70000076
大连市公安民警救助基金会,342,辽宁省公安民警英烈救助基金会,943,51.70000076
大连慈善基金会,343,大连市教育基金会,410,53.79999924
大连慈善基金会,343,辽宁省大连理工大学教育发展基金会,945,53.79999924
大连慈善基金会,343,辽宁省辽宁师范大学教育基金会,955,27.70000076
天津大学北洋教育发展基金会,344,长春理工大学教育基金会,995,23.20000076
天津市仁爱教育基金会,345,天津大学北洋教育发展基金会,415,45.70000076
天津市佛教慈善功德基金会,346,天津市鹤童老年公益基金会,424,42.70000076
天津市宏志教育基金会,348,天津市青少年发展基金会,422,39.70000076
天津市景华公益基金会,349,中国宋庆龄基金会,99,51.70000076
天津市景华公益基金会,349,周培源基金会,378,45.70000076
天津市滨海社会救助基金会,350,深圳市TCL公益基金会,765,47.79999924
天津市社会救助基金会,351,天津市妇女儿童发展基金会,419,36.70000076
天津市青少年发展基金会,352,中国青少年发展基金会,126,51.70000076
太平洋国际交流基金会,353,北京语言大学教育基金会,314,45.70000076
孙冶方经济科学基金会,356,山东大学教育基金会,462,33.70000076
宁夏回族自治区妇女儿童发展基金会,357,中国妇女发展基金会,98,45.70000076
宁夏回族自治区燕宝慈善基金会,358,宁夏中宁县教育慈善发展基金会,428,27.70000076
宁夏回族自治区燕宝慈善基金会,358,宁夏回族自治区北方民族大学教育发展基金会,432,48.70000076
宁夏回族自治区燕宝慈善基金会,358,宁夏青少年发展基金会,438,51.70000076
宁夏固原市家道爱心慈善助学济困基金会,360,深圳壹基金公益基金会,764,39.70000076
宁夏安琪爱心基金会,361,宁夏回族自治区关心下一代基金会,431,45.70000076
宁夏宝塔慈智慈善基金会,362,中卫市公益慈善基金会,78,51.70000076
宁夏宝塔慈智慈善基金会,362,中国光彩事业基金会,85,53.79999924
宁夏宝塔慈智慈善基金会,362,宁夏麦丽燕基金会,440,51.70000076
宁夏青少年发展基金会,364,宁夏青少年发展基金会,438,48.70000076
宁波市海曙区人民教育基金会,367,松阳县人民教育基金会,638,33.70000076
宁波鄞州银行公益基金会,369,宁波市善园公益基金会,441,51.70000076
安利公益基金会,370,上海科普教育发展基金会,49,30.70000076
安利公益基金会,370,中国扶贫基金会,102,48.70000076
安利公益基金会,370,广东省妇女儿童基金会,512,38.79999924
安徽国祯爱心慈善基金会,371,安徽大学教育基金会,443,39.70000076
安徽天徽慈善基金会,373,安徽省老年基金会,452,45.70000076
安徽怀宁独秀教育基金会,374,上海市教育发展基金会,26,42.70000076
安徽梦都慈善基金会,375,北京九三王选关怀基金会,202,48.70000076
安徽省仁众教育基金会,376,上海真爱梦想公益基金会,47,50.79999924
安徽省爱心联盟慈善基金会,377,云南华瑞教育发展基金会,139,51.70000076
安徽金牛公益基金会,379,中国红十字基金会,117,51.70000076
安徽黄山公益基金会,381,安徽省中小学幼儿教师奖励基金会,447,47.79999924
宝钢教育基金会,382,上海市宝山区教育发展基金会,20,37.90000153
宝钢教育基金会,382,延安教科文发展基金会,581,26.79999924
山东省彩虹援助基金会,386,山东省残疾人福利基金会,470,30.70000076
山东省教育基金会,387,山东财经大学教育基金会,475,27.70000076
山东省教育基金会,387,泰安市教育基金会,718,40
山东省教育基金会,387,青岛市教育发展基金会,1027,46.90000153
山东省普觉公益基金会,388,青岛农业大学教育发展基金会,1024,52
山东省残疾人福利基金会,389,济南市残疾人福利基金会,723,42.70000076
山东省青少年发展基金会,390,青海省青少年发展基金会,1037,36.70000076
山东英才学院教育发展基金会,391,曲阜师范大学孔子教育基金会,628,48.70000076
山西省扶贫基金会,392,山西省太原市扶贫基金会,479,51.70000076
山西省葵花公益基金会,393,中国青少年发展基金会,126,51.70000076
巨人慈善基金会,394,上海复星公益基金会,13,44.79999924
巴彦淖尔市人民教育基金会,395,巴彦淖尔市临河区人民教育基金会,483,46.90000153
常州宝林慈善基金会,396,常州市教育发展基金会,487,39.70000076
常州宝林慈善基金会,396,江苏省残疾人福利基金会,669,36.70000076
常州市见义勇为基金会,397,常州市戚墅堰区见义勇为基金会,486,27.39999962
常州市见义勇为基金会,397,常州市金坛区见义勇为基金会,488,45.70000076
常州市见义勇为基金会,397,溧阳市见义勇为基金会,855,49.90000153
常州市见义勇为基金会,397,贵州省见义勇为基金会,933,24.70000076
常州市见义勇为基金会,397,贵州省黔东南州见义勇为基金会,939,24.70000076
广东省东风日产阳光关爱基金会,399,东风公益基金会,64,58
广东省丹姿慈善基金会,400,云南省青少年发展基金会,154,41.79999924
广东省佛教协会慈善基金会,402,河北省红十字基金会,693,55.90000153
广东省依依关爱儿童基金会,404,中国社会福利基金会,114,48.70000076
广东省保利地产和谐文化基金会,405,中国绿化基金会,118,45.70000076
广东省保利地产和谐文化基金会,405,广东省游心公益基金会,531,48.70000076
广东省信基公益基金会,406,广州农商银行太阳公益基金会,551,51.70000076
广东省利海绿色基金会,407,广东省华南理工大学教育发展基金会,507,51.70000076
广东省华南理工大学教育发展基金会,409,广东省广东外语外贸大学教育发展基金会,517,24.70000076
广东省华美教育慈善基金会,410,广东省教育基金会,525,54.09999847
广东省南方基金慈善基金会,411,阿拉善生态基金会,1005,48.70000076
广东省合生珠江教育发展基金会,413,广东省中山大学教育发展基金会,493,53.79999924
广东省合生珠江教育发展基金会,413,广东省扶贫基金会,524,51.70000076
广东省合生珠江教育发展基金会,413,广东省雁洋公益基金会,543,53.79999924
广东省君华公益基金会,414,广东省中山大学教育发展基金会,493,44.79999924
广东省吴小兰慈善基金会,415,广东省华南理工大学教育发展基金会,507,43.90000153
广东省和的慈善基金会,416,广东省华南理工大学教育发展基金会,507,36.70000076
广东省和的慈善基金会,416,广东省德耆慈善基金会,520,53.79999924
广东省唯品会慈善基金会,417,广西青少年发展基金会,579,48.70000076
广东省唯品会慈善基金会,417,深圳壹基金公益基金会,764,51.70000076
广东省唯品会慈善基金会,417,贵州省青少年发展基金会,936,48.70000076
广东省国强公益基金会,418,兰州大学教育发展基金会,160,32.79999924
广东省国强公益基金会,418,北京修远经济与社会研究基金会,207,36.70000076
广东省国强公益基金会,418,广东省德耆慈善基金会,520,41.79999924
广东省大成慈善基金会,419,武汉大学教育发展基金会,645,42.70000076
广东省大成慈善基金会,419,深圳壹基金公益基金会,764,44.79999924
广东省妇女儿童基金会,420,广东省岭南教育慈善基金会,515,49.90000153
广东省富迪慈善基金会,421,中华思源工程扶贫基金会,70,53.79999924
广东省尚东公益基金会,422,广东省侨界仁爱基金会,498,51.70000076
广东省尚东公益基金会,422,广东省扶贫基金会,524,53.79999924
广东省岭南教育慈善基金会,423,广东省华南师范大学教育发展基金会,506,45.70000076
广东省广发证券社会公益基金会,424,中国扶贫基金会,102,33.70000076
广东省广发证券社会公益基金会,424,广东省农工商职业技术学院教育发展基金会,499,26.79999924
广东省广发证券社会公益基金会,424,浙江省新华爱心教育基金会,742,33.70000076
广东省广发证券社会公益基金会,424,香江社会救助基金会,1046,48.70000076
广东省广铝公益基金会,425,广东省华南理工大学教育发展基金会,507,48.70000076
广东省广铝公益基金会,425,广东省扶贫基金会,524,51.70000076
广东省建滔慈善基金会,426,广东省教育基金会,525,50.79999924
广东省德云文化慈善基金会,427,合浦县同心共建和谐基金会,358,47.79999924
广东省志愿者事业发展基金会,429,广东省青少年发展基金会,545,45.70000076
广东省志愿者事业发展基金会,429,广州市羊城志愿服务基金会,562,39.70000076
广东省慧灵智障人士扶助基金会,430,南都公益基金会,347,51.70000076
广东省扶贫基金会,431,广东省人口基金会,495,30.70000076
广东省扶贫基金会,431,广东省侨心慈善基金会,497,30.70000076
广东省扶贫基金会,431,广东省华南农村扶贫基金会,504,30.70000076
广东省扶贫基金会,431,广东省华南师范大学教育发展基金会,506,48.70000076
广东省扶贫基金会,431,广东省华南理工大学教育发展基金会,507,39.70000076
广东省扶贫基金会,431,广东省国强公益基金会,511,76
广东省扶贫基金会,431,清华大学教育基金会,802,51.70000076
广东省新兴县北英慈善基金会,432,广东省华南农业大学教育发展基金会,503,48.70000076
广东省方圆公益基金会,433,广东省中山大学教育发展基金会,493,53.79999924
广东省易方达教育基金会,434,广东省华南农业大学教育发展基金会,503,34.90000153
广东省易方达教育基金会,434,广东省宋庆龄基金会,513,36.70000076
广东省易方达教育基金会,434,武汉大学教育发展基金会,645,39.70000076
广东省春桃慈善基金会,435,上海真爱梦想公益基金会,47,45.70000076
广东省春桃慈善基金会,435,北京市西部阳光农村发展基金会,257,51.70000076
广东省棕榈公益基金会,437,北京电影学院教育基金会,293,51.70000076
广东省残疾人公益基金会,438,广州市残疾人福利基金会,559,48.70000076
广东省游心公益基金会,439,中华社会救助基金会,73,42.70000076
广东省游心公益基金会,439,广东省绿芽乡村妇女发展基金会,537,39.70000076
广东省烛光教育发展基金会,440,广东省扶贫基金会,524,48.70000076
广东省烛光教育发展基金会,440,广州市教育基金会,557,48.70000076
广东省甲中慈善基金会,441,北京高占祥文化艺术基金会,321,51.70000076
广东省蓝态幸福文化公益基金会,444,广东省一心公益基金会,492,33.70000076
广东省见义勇为基金会,445,建德市见义勇为基金会,583,24.70000076
广东省谢汉才慈善基金会,446,广东省谢汉才慈善基金会,541,48.70000076
广东省豪爵慈善基金会,447,江门市五邑侨乡文化基金会,685,42.70000076
广东省金秋慈善基金会,448,梅州市希望教育基金会,641,51.70000076
广东省雁洋公益基金会,450,梅州市希望教育基金会,641,39.70000076
广东省雅居乐公益基金会,451,辽宁省辽宁大学教育基金会,954,36.70000076
广东省青少年发展基金会,452,广东省华南师大附中教育基金会,505,36.70000076
广东省顺丰慈善基金会,453,长安大学教育基金会,989,42.70000076
广东省骏安慈善基金会,455,广东省骏安慈善基金会,548,46.90000153
广元市教育基金会,458,剑阁县教育基金会,186,52.90000153
广州农商银行太阳公益基金会,459,广州市禁毒基金会,561,53.79999924
广州市南山自然科学学术交流基金会,460,广州市合力科普基金会,555,61.59999847
广州市合力科普基金会,461,广州市南山自然科学学术交流基金会,553,39.70000076
广州市教育基金会,462,广州市番禺区教育基金会,560,27.70000076
广州市时代地产公益基金会,463,广东省华南师范大学教育发展基金会,506,51.70000076
广州市时代地产公益基金会,463,广东省执信教育发展基金会,523,48.70000076
广州市时代地产公益基金会,463,广州市青少年发展基金会,565,48.70000076
广州市春雨助学基金会,464,广州市从化区教育基金会,552,36.70000076
广州市春雨助学基金会,464,广州市教育基金会,557,47.79999924
广州市老龄事业发展基金会,465,广东省佛教协会慈善基金会,496,48.70000076
广州市老龄事业发展基金会,465,广东省明德幸福文化教育基金会,526,24.70000076
广州欧初文化教育基金会,467,四川仁爱医疗基金会,386,45.70000076
广西吕贻标爱心基金会,468,中国华侨公益基金会,89,27.70000076
广西国海扶贫助学基金会,469,广西青少年发展基金会,579,55
广西大学教育发展基金会,470,河海大学教育发展基金会,715,24.70000076
广西李宁基金会,472,广西李宁基金会,573,55.90000153
广西桂嘉汇青少年儿童救助基金会,473,广西红十字基金会,577,48.70000076
广西桂嘉汇青少年儿童救助基金会,473,广西青少年发展基金会,579,45.70000076
广西浩德慈善基金会,474,南宁市教育基金会,342,51.70000076
广西荣和爱心基金会,475,广西青少年发展基金会,579,48.70000076
广西青少年发展基金会,476,广西民族大学教育基金会,575,45.70000076
张家港市永联为民基金会,480,中国扶贫基金会,102,33.70000076
徐州市见义勇为基金会,485,徐州市泉山区见义勇为基金会,585,33.70000076
心和公益基金会,487,北京天使妈妈慈善基金会,229,47.79999924
心和公益基金会,487,北京市中国人民大学教育基金会,239,52.90000153
心和公益基金会,487,北京水源保护基金会,286,36.70000076
心和公益基金会,487,无锡灵山慈善基金会,619,42.70000076
心和公益基金会,487,江苏昌明教育基金会,663,46
心和公益基金会,487,浙江大学教育基金会,731,59.20000076
心和公益基金会,487,深圳市慈缘慈善基金会,781,36.70000076
思利及人公益基金会,488,上海市儿童基金会,16,35.79999924
思利及人公益基金会,488,中国公安民警英烈基金会,86,51.70000076
慈济慈善事业基金会,491,广东省广州中医药大学教育发展基金会,519,34
慈济慈善事业基金会,491,江苏省儿童少年福利基金会,665,43
慈溪市人民教育基金会,492,余姚市人民教育基金会,158,36.70000076
成都大熊猫繁育研究基金会,493,成都大熊猫繁育研究基金会,592,48.70000076
扬州市教育发展基金会,495,江苏省扬州中学教育发展基金会,667,44.79999924
扬州市残疾人福利基金会,496,仪征市残疾人福利基金会,156,36.70000076
抚顺市公安民警救助基金会,497,辽宁省公安民警英烈救助基金会,943,42.70000076
招商局慈善基金会,498,上海真爱梦想公益基金会,47,47.79999924
招商局慈善基金会,498,武汉理工大学教育发展基金会,654,30.70000076
招商局慈善基金会,498,江苏海事职业技术学院教育发展基金会,664,30.70000076
招商局慈善基金会,498,江苏科技大学教育发展基金会,673,30.70000076
招商局慈善基金会,498,爱佑慈善基金会,857,45.70000076
新奥公益慈善基金会,502,上海同济大学教育发展基金会,11,45.70000076
新奥公益慈善基金会,502,东莞市残疾人福利基金会,63,45.70000076
新奥公益慈善基金会,502,中国少数民族文化艺术基金会,100,45.70000076
新奥公益慈善基金会,502,中国教育发展基金会,104,51.70000076
新奥公益慈善基金会,502,北京中国石油大学教育基金会,192,44.79999924
新奥公益慈善基金会,502,北京中央美术学院教育发展基金会,196,48.70000076
新奥公益慈善基金会,502,北京市中国人民大学教育基金会,239,53.79999924
新奥公益慈善基金会,502,北京曹雪芹文化发展基金会,279,51.70000076
新奥公益慈善基金会,502,哈尔滨工业大学教育发展基金会,380,42.70000076
新奥公益慈善基金会,502,河北省青少年发展基金会,696,44.79999924
新奥公益慈善基金会,502,湖南省文化艺术基金会,833,51.70000076
新疆溢达杨元龙教育基金会,504,中国农业大学教育基金会,87,52.90000153
新疆维吾尔自治区新勇教育基金会,505,新疆农业大学教育发展基金会,607,45.70000076
新疆维吾尔自治区新勇教育基金会,505,陕西师范大学教育基金会,1008,47.79999924
无锡太湖文化发展基金会,506,中华社会救助基金会,73,39.70000076
无锡灵山慈善基金会,507,心和公益基金会,589,51.70000076
无锡灵山慈善基金会,507,都江堰友爱教育基金会,967,42.70000076
昆山市党员关爱暨帮扶困难群众基金会,508,昆山市慈善基金会,621,42.70000076
昆山市党员关爱暨帮扶困难群众基金会,508,昆山祥和帮困基金会,622,35.79999924
昆山市慈善基金会,509,苏州市青少年发展基金会,909,27.70000076
昆山昱庭公益基金会,510,昆山市慈善基金会,621,51.70000076
晋江市安海教育发展基金会,511,晋江市安海中心小学种胜教育基金会,626,51.70000076
晋江市青阳教育发展基金会,512,晋江市侨声中学教育发展基金会,625,35.79999924
本溪市公安民警救助基金会,515,辽宁省公安民警英烈救助基金会,943,42.70000076
杭州云林公益基金会,519,浙江中国计量学院教育基金会,725,48.70000076
杭州市关爱孤儿基金会,520,杭州市残疾人福利基金会,633,48.70000076
杭州市温商慈善基金会,521,杭州市公羊会公益基金会,631,42.70000076
杭州市温商慈善基金会,521,浙江中国计量学院教育基金会,725,44.79999924
杭州市老龄事业发展基金会,522,建德市老龄事业发展基金会,582,30.70000076
杭州市老龄事业发展基金会,522,杭州市余杭区老年基金会,630,33.70000076
杭州市老龄事业发展基金会,522,杭州市萧山区老年基金会,635,33.70000076
杭州市老龄事业发展基金会,522,桐庐县老龄事业发展基金会,640,33.70000076
杭州市送温暖工程基金会,523,杭州市关爱孤儿基金会,632,46.90000153
杭州市送温暖工程基金会,523,杭州市老龄事业发展基金会,634,41.79999924
桃源居公益事业发展基金会,525,上海洋泾社区公益基金会,41,27.70000076
桃源居公益事业发展基金会,525,中国妇女发展基金会,98,49.90000153
桃源居公益事业发展基金会,525,北京市思诚朝阳门社区基金会,249,42.70000076
桃源居公益事业发展基金会,525,深圳市宝安区海裕社区基金会,778,39.70000076
桃源居公益事业发展基金会,525,深圳市郑卫宁慈善基金会,798,36.70000076
桃源居公益事业发展基金会,525,重庆市民泰社区公益事业发展基金会,981,42.70000076
榆林学院教育发展基金会,526,榆林学院教育发展基金会,642,47.79999924
欧美同学基金会,527,陕西省公安民警英烈基金会,1009,51.70000076
武汉善之源公益基金会,528,武汉市社会组织发展基金会,650,39.70000076
武汉大学教育发展基金会,529,武汉大学姚梅镇法学基金会,644,39.70000076
武汉大学马克昌法学基金会,530,北京师范大学教育基金会,261,48.70000076
武汉大学马克昌法学基金会,530,武汉大学教育发展基金会,645,47.79999924
武汉市法律援助基金会,531,中国法律援助基金会,110,45.70000076
武汉市石门峰慈善基金会,532,武汉市社会组织发展基金会,650,36.70000076
武汉市青少年发展基金会,534,湖北省青少年发展基金会,817,42.70000076
武汉市青少年发展基金会,534,青海省青少年发展基金会,1037,45.70000076
武汉闻一多基金会,535,湖北省刘道玉教育基金会,811,41.79999924
比亚迪慈善基金会,537,中南大学教育基金会,76,42.70000076
比亚迪慈善基金会,537,深圳市绿色低碳发展基金会,793,48.70000076
比亚迪慈善基金会,537,深圳市警察基金会,796,42.70000076
永州市教育基金会,538,东安县教育基金会,61,42.70000076
永恒慈善基金会,539,中华健康快车基金会,65,30.70000076
江苏七彩凤凰母语发展基金会,541,南京市中小学幼儿教师奖励基金会,334,48.70000076
江苏中南慈善基金会,542,中国下一代教育基金会,79,55.90000153
江苏中南慈善基金会,542,南通市老区扶贫基金会,346,30.70000076
江苏中南慈善基金会,542,海门市美德基金会,757,30.70000076
江苏中大公益基金会,543,江苏经贸职业技术学院教育发展基金会,674,32.79999924
江苏华夏慈善基金会,546,江苏省青少年发展基金会,672,52.90000153
江苏国信企业发展研究基金会,547,江苏省扶贫基金会,668,42.70000076
江苏国信企业发展研究基金会,547,盐城师范学院教育发展基金会,869,33.70000076
江苏宏大青少年人才发展基金会,548,江苏省青少年发展基金会,672,52
江苏宏德文化出版基金会,549,南京大学教育发展基金会,331,47.79999924
江苏汝立公益基金会,550,泗阳林中凤凰教育基金会,717,42.70000076
江苏汝立公益基金会,550,洪泽县爱心助学基金会,721,42.70000076
江苏沙钢公益基金会,551,苏州大学教育发展基金会,902,51.70000076
江苏海澜教育发展基金会,552,中国文学艺术基金会,106,48.70000076
江苏海澜教育发展基金会,552,北京水墨公益基金会,285,42.70000076
江苏省儿童少年福利基金会,553,中国妇女发展基金会,98,30.70000076
江苏省儿童少年福利基金会,553,扬州市翔宇妇女儿童基金会,603,40.90000153
江苏省关心下一代基金会,554,苏州农业职业技术学院教育发展基金会,901,36.70000076
江苏省扶贫基金会,555,盐城市扶贫基金会,867,36.70000076
江苏省残疾人福利基金会,556,东台市阳光助残基金会,60,47.79999924
江苏省残疾人福利基金会,556,扬州市残疾人福利基金会,601,47.79999924
江苏省见义勇为基金会,557,南京市见义勇为基金会,337,29.79999924
江苏省青少年发展基金会,558,四川省青少年发展基金会,405,51.70000076
江苏省青少年发展基金会,558,苏州市青少年发展基金会,909,30.70000076
江苏省青少年发展基金会,558,青海省青少年发展基金会,1037,36.70000076
江苏言恭达文化基金会,559,中国友好和平发展基金会,92,51.70000076
江苏言恭达文化基金会,559,北京语言大学教育基金会,314,51.70000076
江苏远东慈善基金会,560,中国社会福利基金会,114,51.70000076
江苏远东慈善基金会,560,北京阳光未来艺术教育基金会,317,51.70000076
江苏远东慈善基金会,560,宁夏吴忠慈善基金会,429,53.79999924
江苏远东慈善基金会,560,无锡市见义勇为基金会,618,45.70000076
江苏远东慈善基金会,560,爱佑慈善基金会,857,55.90000153
江苏邦德爱心基金会,561,中国老龄事业发展基金会,120,42.70000076
江苏长江平民教育基金会,562,上海同济大学教育发展基金会,11,33.70000076
江苏长江平民教育基金会,562,北京市中国人民大学教育基金会,239,33.70000076
江苏长江平民教育基金会,562,南京大报恩文化发展基金会,332,42.70000076
江苏长江平民教育基金会,562,安徽省儿童少年基金会,449,42.70000076
江苏长江平民教育基金会,562,安徽省潜山县野寨中学教育发展基金会,451,39.70000076
江苏长江平民教育基金会,562,江苏国泰国际集团企业发展研究基金会,660,30.70000076
江苏长江平民教育基金会,562,江苏省扶贫基金会,668,42.70000076
江苏长江平民教育基金会,562,海门文明村爱心基金会,758,39.70000076
江苏陶欣伯助学基金会,563,南京农业大学教育发展基金会,328,27.70000076
江苏陶欣伯助学基金会,563,南京理工大学教育发展基金会,339,26.79999924
江苏陶欣伯助学基金会,563,南通大学教育发展基金会,344,27.70000076
江苏陶欣伯助学基金会,563,扬州大学教育发展基金会,600,27.70000076
江苏陶欣伯助学基金会,563,江苏大学教育发展基金会,661,27.70000076
江苏陶欣伯助学基金会,563,江苏师范大学教育发展基金会,662,29.79999924
江苏陶欣伯助学基金会,563,江苏科技大学教育发展基金会,673,29.79999924
江苏陶欣伯助学基金会,563,江苏经贸职业技术学院教育发展基金会,674,29.79999924
江苏陶欣伯助学基金会,563,淮阴工学院教育发展基金会,763,24.70000076
江苏陶欣伯助学基金会,563,盐城工学院教育发展基金会,866,26.79999924
江苏陶欣伯助学基金会,563,盐城师范学院教育发展基金会,869,26.79999924
江西省上栗县长平人民教育奖励基金会,564,安徽省儿童少年基金会,449,48.70000076
江西省青少年发展基金会,567,南昌市青少年发展基金会,343,36.70000076
江西省青少年发展基金会,567,广东省青年创业就业基金会,546,33.70000076
河仁慈善基金会,571,中国扶贫基金会,102,29.79999924
河仁慈善基金会,571,新疆维吾尔自治区资助教育基金会,613,27.70000076
河仁慈善基金会,571,江西省革命老区爱心基金会,683,30.70000076
河仁慈善基金会,571,福建富闽基金会,875,30.70000076
河仁慈善基金会,571,福建师范大学附属福清德旺中学奖教助学基金会,876,39.70000076
河仁慈善基金会,571,西北农林科技大学教育发展基金会,914,31
河仁慈善基金会,571,重庆市妇女儿童基金会,975,26.79999924
河北省摩诃佛缘慈善基金会,572,北京市光明慈善基金会,245,45.70000076
河北省残疾人创业基金会,573,中华社会救助基金会,73,39.70000076
河北省青少年发展基金会,576,安徽省青少年发展基金会,453,44.79999924
河北省青少年发展基金会,576,江西省青少年发展基金会,682,50.79999924
河北省青少年发展基金会,576,河南省青少年发展基金会,713,39.70000076
河北石家庄二中教育发展基金会,577,中国志愿服务基金会,101,45.70000076
河南省光彩事业基金会,579,云南省光彩事业基金会,145,48.70000076
河南省光彩事业基金会,579,河南省教育发展基金会,708,45.70000076
河南省公安民警英烈基金会,580,西藏自治区公安民警英烈基金会,919,30.70000076
河南省关心下一代基金会,581,河南省本源人文公益基金会,709,50.79999924
河南省天慈公益基金会,583,中华少年儿童慈善救助基金会,69,48.70000076
河南省心连心公益基金会,585,河南省关心下一代基金会,702,51.70000076
河南省残疾人福利基金会,586,河南省张清丰敬老助老基金会,707,27.70000076
河南省羚锐老区扶贫帮困基金会,587,北京市于若木慈善基金会,241,45.70000076
泛海公益基金会,589,上海复旦大学教育发展基金会,12,55.90000153
泛海公益基金会,589,中华文学基金会,71,41.79999924
泛海公益基金会,589,中国光彩事业基金会,85,47.79999924
泛海公益基金会,589,中国西部人才开发基金会,124,54.09999847
泛海公益基金会,589,济南大学教育发展基金会,722,35.79999924
波司登公益基金会,590,中国妇女发展基金会,98,51.70000076
波司登公益基金会,590,常熟市慈善基金会,490,42.70000076
波司登公益基金会,590,德州市见义勇为基金会,586,30.70000076
波司登公益基金会,590,江苏光彩事业基金会,659,38.79999924
波司登公益基金会,590,江苏省关心下一代基金会,666,41.79999924
波司登公益基金会,590,苏州市慈善基金会,907,45.70000076
泰安市教育基金会,591,山东省教育基金会,469,48.70000076
泰州市残疾人福利基金会,592,泰州市残疾人福利基金会,719,48.70000076
浙江仁泽公益基金会,595,杭州市残疾人福利基金会,633,53.79999924
浙江华汇建设美好生活基金会,596,天津大学北洋教育发展基金会,415,39.70000076
浙江华汇建设美好生活基金会,596,浙江大学教育基金会,731,45.70000076
浙江圣奥慈善基金会,597,台州市老年事业发展基金会,356,43.90000153
浙江大学教育基金会,598,浙江省阳光教育基金会,746,24.70000076
浙江大学教育基金会,598,贵州大学教育发展基金会,923,26.79999924
浙江大学教育基金会,598,雅安市教育基金会,1023,24.70000076
浙江天景生公益基金会,599,嘉兴市铭德教育基金会,385,48.70000076
浙江富通感恩慈善基金会,600,天津大学北洋教育发展基金会,415,48.70000076
浙江富通感恩慈善基金会,600,浙江科技学院教育基金会,749,27.70000076
浙江敦和慈善基金会,601,上海交通大学教育发展基金会,4,33.70000076
浙江敦和慈善基金会,601,上海仁德基金会,5,32.79999924
浙江敦和慈善基金会,601,上海真爱梦想公益基金会,47,45.09999847
浙江敦和慈善基金会,601,上海联劝公益基金会,50,48.09999847
浙江敦和慈善基金会,601,中华少年儿童慈善救助基金会,69,37
浙江敦和慈善基金会,601,中华社会救助基金会,73,46.90000153
浙江敦和慈善基金会,601,中国儿童少年基金会,83,39.70000076
浙江敦和慈善基金会,601,中国农业大学教育基金会,87,24.70000076
浙江敦和慈善基金会,601,中国发展研究基金会,93,50.79999924
浙江敦和慈善基金会,601,中国扶贫基金会,102,43
浙江敦和慈善基金会,601,中国社会福利基金会,114,30.70000076
浙江敦和慈善基金会,601,中国青少年发展基金会,126,45.09999847
浙江敦和慈善基金会,601,北京修远经济与社会研究基金会,207,35.79999924
浙江敦和慈善基金会,601,北京大学教育基金会,228,30.70000076
浙江敦和慈善基金会,601,北京尚善公益基金会,234,51.09999847
浙江敦和慈善基金会,601,北京市仁爱慈善基金会,242,45.70000076
浙江敦和慈善基金会,601,北京市企业家环保基金会,243,31.89999962
浙江敦和慈善基金会,601,北京市永源公益基金会,254,51.09999847
浙江敦和慈善基金会,601,北京市西部阳光农村发展基金会,257,56.5
浙江敦和慈善基金会,601,北京市银杏公益基金会,258,35.79999924
浙江敦和慈善基金会,601,北京春苗儿童救助基金会,277,49
浙江敦和慈善基金会,601,北京永真公益基金会,287,40.90000153
浙江敦和慈善基金会,601,北京爱它动物保护公益基金会,289,39.70000076
浙江敦和慈善基金会,601,北京真容公益基金会,297,36.70000076
浙江敦和慈善基金会,601,华民慈善基金会,325,30.70000076
浙江敦和慈善基金会,601,南都公益基金会,347,50.79999924
浙江敦和慈善基金会,601,广东省千禾社区公益基金会,501,38.79999924
浙江敦和慈善基金会,601,广东省希贤教育基金会,516,45.70000076
浙江敦和慈善基金会,601,广东省绿芽乡村妇女发展基金会,537,39.70000076
浙江敦和慈善基金会,601,广东省蓝态幸福文化公益基金会,540,39.70000076
浙江敦和慈善基金会,601,广东省财新公益基金会,542,36.70000076
浙江敦和慈善基金会,601,成都市锦江区社会组织发展基金会,596,27.70000076
浙江敦和慈善基金会,601,招商局慈善基金会,604,33.70000076
浙江敦和慈善基金会,601,新疆维吾尔自治区青少年发展基金会,615,24.70000076
浙江敦和慈善基金会,601,无锡灵山慈善基金会,619,34.90000153
浙江敦和慈善基金会,601,杭州市上城区教育发展基金会,629,39.70000076
浙江敦和慈善基金会,601,浙江省爱心事业基金会,744,38.79999924
浙江敦和慈善基金会,601,浙江省青少年发展基金会,747,36.70000076
浙江敦和慈善基金会,601,深圳壹基金公益基金会,764,52
浙江敦和慈善基金会,601,深圳市博雅文化研究基金会,776,30.70000076
浙江敦和慈善基金会,601,深圳市慈缘慈善基金会,781,34.90000153
浙江敦和慈善基金会,601,深圳市红树林湿地保护基金会,792,39.70000076
浙江敦和慈善基金会,601,深圳市龙越慈善基金会,801,43.90000153
浙江敦和慈善基金会,601,清华大学教育基金会,802,30.70000076
浙江敦和慈善基金会,601,爱德基金会,858,30.70000076
浙江敦和慈善基金会,601,福建省同心慈善基金会,881,46
浙江敦和慈善基金会,601,福建省正荣公益基金会,884,41.79999924
浙江敦和慈善基金会,601,绍兴市上虞区人民教育基金会,894,27.70000076
浙江敦和慈善基金会,601,陕西纯山教育基金会,1018,39.70000076
浙江树人大学暨王宽诚教育基金会,602,西安交通大学教育基金会,916,51.70000076
浙江正泰公益基金会,603,乐清市社会组织发展基金会,135,27.70000076
浙江正泰公益基金会,603,浙江省爱心事业基金会,744,44.79999924
浙江正泰公益基金会,603,温州医科大学教育发展基金会,803,30.70000076
浙江永强慈善基金会,604,浙江永强慈善基金会,734,51.70000076
浙江湖畔大学创业研究基金会,606,杭州师范大学教育基金会,637,48.70000076
浙江省三立慈善基金会,607,上海宋庆龄基金会,15,48.70000076
浙江省关心桥教育公益基金会,608,浙江大学教育基金会,731,42.70000076
浙江省发展侨务事业基金会,610,浙江农林大学教育基金会,727,33.70000076
浙江省发展侨务事业基金会,610,浙江大学教育基金会,731,53.79999924
浙江省发展侨务事业基金会,610,温州大学教育发展基金会,804,33.70000076
浙江省吴定酒慈善基金会,611,上海宋庆龄基金会,15,42.70000076
浙江省妇女儿童基金会,612,中国妇女发展基金会,98,51.70000076
浙江省娃哈哈慈善基金会,613,中国扶贫基金会,102,53.79999924
浙江省娃哈哈慈善基金会,613,北京中央音乐学院教育基金会,197,51.70000076
浙江省娃哈哈慈善基金会,613,杭州市送温暖工程基金会,636,51.70000076
浙江省实方慈善基金会,614,上海市慈善基金会,24,36.70000076
浙江省寅幸慈善基金会,615,深圳壹基金公益基金会,764,45.70000076
浙江省广东商会慈善基金会,616,浙江省广东商会慈善基金会,739,51.70000076
浙江省康恩贝慈善救助基金会,617,浙江省残疾人福利基金会,743,51.70000076
浙江省康恩贝慈善救助基金会,617,重庆市红十字基金会,984,51.70000076
浙江省微笑明天慈善基金会,618,浙江省革命老区发展基金会,748,51.70000076
浙江省扶贫基金会,619,兰溪市教育基金会,162,36.70000076
浙江省扶贫基金会,619,武义县教育基金会,643,43.90000153
浙江省扶贫基金会,619,温州市人民教育基金会,805,39.70000076
浙江省扶贫基金会,619,衢州市孔子教育基金会,913,45.70000076
浙江省新华爱心教育基金会,620,安徽省潜山县野寨中学教育发展基金会,451,29.79999924
浙江省李书福资助教育基金会,621,华润慈善基金会,326,45.70000076
浙江省李书福资助教育基金会,621,浙江大学教育基金会,731,39.70000076
浙江省杭州宋都公益基金会,622,浙江科技学院教育基金会,749,27.70000076
浙江省残疾人福利基金会,623,杭州市残疾人福利基金会,633,46.90000153
浙江省网易慈善基金会,624,上海思麦公益基金会,36,42.70000076
浙江省网易慈善基金会,624,中华社会救助基金会,73,47.79999924
浙江省网易慈善基金会,624,中国扶贫基金会,102,53.79999924
浙江省网易慈善基金会,624,中国敦煌石窟保护研究基金会,105,51.70000076
浙江省网易慈善基金会,624,中国绿化基金会,118,42.70000076
浙江省网易慈善基金会,624,北京市西部阳光农村发展基金会,257,52.90000153
浙江省网易慈善基金会,624,深圳市龙越慈善基金会,801,36.70000076
浙江省网易慈善基金会,624,贵州省青少年发展基金会,936,44.79999924
浙江省老年事业发展基金会,625,杭州市老龄事业发展基金会,634,38.79999924
浙江省青少年发展基金会,626,四川省青少年发展基金会,405,24.70000076
浙江省青少年发展基金会,626,新疆生产建设兵团青少年发展基金会,610,31.89999962
浙江省青少年发展基金会,626,新疆维吾尔自治区青少年发展基金会,615,38.79999924
浙江省青少年发展基金会,626,浙江大学教育基金会,731,30.70000076
浙江省青少年发展基金会,626,甘肃省青少年发展基金会,864,36.70000076
浙江省青少年发展基金会,626,贵州省青少年发展基金会,936,41.79999924
浙江省青少年发展基金会,626,青海省青少年发展基金会,1037,24.70000076
浙江省革命老区发展基金会,627,浙江省微笑明天慈善基金会,740,47.79999924
浙江萤火虫慈善基金会,628,厦门市红十字基金会,352,47.79999924
浙江西子慈善基金会,629,海南成美慈善基金会,751,45.70000076
浙江西子慈善基金会,629,缙云县人民教育基金会,897,51.70000076
浙江青田之家公益基金会,630,青田县人民教育基金会,1039,42.70000076
浙江馥莉慈善基金会,631,西安交通大学教育基金会,916,51.70000076
浙江马云公益基金会,632,杭州师范大学教育基金会,637,45.70000076
浙江马云公益基金会,632,浙江马云公益基金会,750,45.70000076
海南成美慈善基金会,634,北京艺美公益基金会,308,45.70000076
海南成美慈善基金会,634,海南省青少年希望基金会,756,39.70000076
海南省李惠智教育基金会,636,海南省残疾人基金会,754,39.70000076
涟水县教育发展基金会,638,涟水兆财帮困助学基金会,759,51.70000076
淮安市见义勇为基金会,639,淮安市淮安区见义勇为基金会,762,42.70000076
深圳壹基金公益基金会,640,北京当代艺术基金会,263,24.70000076
深圳壹基金公益基金会,640,无锡灵山慈善基金会,619,33.70000076
深圳壹基金公益基金会,640,陕西妇女儿童发展基金会,1007,27.70000076
深圳壹基金公益基金会,640,雅安市教育基金会,1023,42.70000076
深圳大运留学基金会,641,广东省广东外语外贸大学教育发展基金会,517,24.70000076
深圳市TCL公益基金会,642,中国社会福利基金会,114,38.79999924
深圳市TCL公益基金会,642,中国青少年发展基金会,126,53.79999924
深圳市TCL公益基金会,642,北京理工大学教育基金会,291,51.70000076
深圳市TCL公益基金会,642,深圳市红树林湿地保护基金会,792,45.70000076
深圳市TCL公益基金会,642,爱佑慈善基金会,857,53.79999924
深圳市佳兆业公益基金会,643,上海同济大学教育发展基金会,11,53.79999924
深圳市佳兆业公益基金会,643,深圳市南方科技大学教育基金会,774,53.79999924
深圳市北大创新发展基金会,644,黑龙江大学教育发展基金会,1052,39.70000076
深圳市华强公益基金会,645,武汉大学马克昌法学基金会,646,48.70000076
深圳市华强公益基金会,645,深圳市五月花海公益基金会,768,42.70000076
深圳市博时慈善基金会,646,上海真爱梦想公益基金会,47,42.70000076
深圳市博时慈善基金会,646,中国扶贫基金会,102,48.70000076
深圳市博时慈善基金会,646,深圳市龙越慈善基金会,801,51.70000076
深圳市同心慈善基金会,647,广东省国家安全基金会,510,48.70000076
深圳市同心慈善基金会,647,深圳市光明新区凤凰社区基金会,770,42.70000076
深圳市曾少强慈善基金会,648,深圳市弘法寺慈善功德基金会,779,51.70000076
深圳市松禾成长关爱基金会,651,北京市企业家环保基金会,243,47.79999924
深圳市松禾成长关爱基金会,651,北京市戈友公益援助基金会,250,45.70000076
深圳市松禾成长关爱基金会,651,扬州市禹振飞慈善基金会,602,53.79999924
深圳市欣旺达慈善基金会,652,华中科技大学教育发展基金会,324,47.79999924
深圳市现代创新发展基金会,653,深圳市郑卫宁慈善基金会,798,33.70000076
深圳市社会公益基金会,655,深圳市社会福利基金会,791,45.70000076
深圳市社会公益基金会,655,深圳市郑卫宁慈善基金会,798,53.79999924
深圳市社会福利基金会,656,青海省教育发展基金会,1032,43.90000153
深圳市神州通慈善基金会,657,深圳市九江商会慈善基金会,766,51.70000076
深圳市禁毒基金会,658,深圳市社会公益基金会,790,39.70000076
深圳市精锐教育基金会,659,哈尔滨师范大学教育发展基金会,384,51.70000076
深圳市精锐教育基金会,659,安徽师范大学教育基金会,444,51.70000076
深圳市精锐教育基金会,659,江苏大学教育发展基金会,661,51.70000076
深圳市综研软科学发展基金会,660,北京市陆学艺社会学发展基金会,259,27.70000076
深圳市腾邦慈善基金会,661,深圳市警察基金会,796,42.70000076
深圳市荣超公益基金会,662,深圳市警察基金会,796,39.70000076
深圳市郑卫宁慈善基金会,663,深圳市社会公益基金会,790,55.90000153
深圳市雅图文化教育慈善基金会,664,深圳壹基金公益基金会,764,45.70000076
深圳市雅昌艺术基金会,665,北京市企业家环保基金会,243,45.70000076
深圳市青少年发展基金会,666,中国青少年发展基金会,126,45.70000076
深圳市龙越慈善基金会,668,广西壹方慈善基金会,569,52.90000153
深圳市龙越慈善基金会,668,河南省善福缘老龄基金会,704,50.79999924
深圳市龙越慈善基金会,668,湖南省志愿服务基金会,831,53.79999924
深圳市龙越慈善基金会,668,贵州省青年志愿服务基金会,938,48.70000076
深圳美丽园丁教育基金会,669,北京师范大学教育基金会,261,48.70000076
深圳美丽园丁教育基金会,669,陕西师范大学教育基金会,1008,52.90000153
湖北博昊济学基金会,670,武汉大学教育发展基金会,645,53.79999924
湖北大学教育发展基金会,671,云南大益爱心基金会,142,33.70000076
湖北省信义兄弟农民工帮扶基金会,672,湖北省妇女儿童发展基金会,812,42.70000076
湖北省宜昌思源慈善基金会,673,湖北省青少年发展基金会,817,48.70000076
湖北省当代公益基金会,674,北京乐平公益基金会,201,53.79999924
湖北省教育基金会,675,湖北省武珞路中学教育发展基金会,815,30.70000076
湖北省楚仁慈善基金会,676,湖北省楚仁慈善基金会,814,47.79999924
湖北省长江证券公益慈善基金会,677,中国扶贫基金会,102,33.70000076
湖北省青少年发展基金会,678,中南民族大学教育发展基金会,77,29.79999924
湖北省青少年发展基金会,678,武汉大学教育发展基金会,645,41.79999924
湖北省青少年发展基金会,678,武汉市青少年发展基金会,652,36.70000076
湖北省青少年发展基金会,678,湖北工业大学教育发展基金会,807,33.70000076
湖北省青少年发展基金会,678,黄冈市青少年发展基金会,1050,49.90000153
湖南弘慧教育发展基金会,680,中南大学教育基金会,76,27.70000076
湖南爱眼公益基金会,681,安徽省残疾人福利基金会,450,45.70000076
湖南爱眼公益基金会,681,山西省妇女儿童发展基金会,480,45.70000076
湖南爱眼公益基金会,681,河北省佛教慈善基金会,687,45.70000076
湖南爱眼公益基金会,681,深圳市拥军优属基金会,782,36.70000076
湖南省佛慈基金会,682,湖南省志愿服务基金会,831,36.70000076
湖南省大爱慈善基金会,683,湖南省温暖工程基金会,839,51.70000076
湖南省娄底市教育基金会,684,冷水江市教育基金会,183,29.79999924
湖南省教育基金会,685,湖南省桂东县教育基金会,835,27.70000076
湖南省教育基金会,685,湖南省湘西自治州教育基金会,842,31.89999962
湖南省教育基金会,685,湖南省郴州市教育基金会,845,33.70000076
湖南省教育基金会,685,益阳市教育基金会,865,41.79999924
湖南省教育基金会,685,邵阳市教育基金会,964,48.70000076
湖南省教育基金会,685,隆回县教育基金会,1021,36.70000076
湖南省文化艺术基金会,686,邵阳市文化艺术基金会,965,36.70000076
湖南省步步高福光慈善基金会,687,湘潭市教育发展基金会,854,33.70000076
湖南省步步高福光慈善基金会,687,爱佑慈善基金会,857,39.70000076
湖南省湘西从文教育基金会,688,湖南省吉首市教育基金会,824,42.70000076
湖南省绿色之韵公益基金会,689,湖南省长沙市光彩事业基金会,847,48.70000076
湖南省郴州市教育基金会,690,湖南省宜章县教育基金会,828,42.70000076
湖南省郴州市教育基金会,690,湖南省郴州市苏仙区教育基金会,846,33.70000076
湖南省青少年发展基金会,691,安徽省青少年发展基金会,453,36.70000076
湖南省青少年发展基金会,691,湖南省中南林业科技大学教育基金会,820,24.70000076
湖南省青少年发展基金会,691,湘潭市教育发展基金会,854,39.70000076
湖南省青少年发展基金会,691,辽宁省青少年发展基金会,957,34.90000153
湖南省青少年发展基金会,691,长沙市体育发展基金会,997,33.70000076
湖南省魏朝阳公益基金会,692,湖南省平江县教育基金会,830,51.70000076
湖南省魏朝阳公益基金会,692,湖南践行国学公益基金会,852,45.70000076
湖南省魏朝阳公益基金会,692,长沙市慈善基金会,1000,51.70000076
湖南省魏朝阳公益基金会,692,长沙市青少年发展基金会,1001,51.70000076
湖南省龙池教育基金会,693,湖南省龙池教育基金会,851,51.70000076
湖南迪雄助学基金会,695,湖南省岳阳县教育基金会,829,53.79999924
湖南飞翔公益基金会,697,中国华夏文化遗产基金会,90,45.70000076
湖南飞翔公益基金会,697,湖南省妇女儿童发展基金会,826,43.90000153
滨州市黄河文化基金会,698,中华社会文化发展基金会,74,51.70000076
滨海沿海工业园慈善基金会,699,江苏省关心下一代基金会,666,47.79999924
漳州市吴惠天慈善基金会,700,福建省消防事业发展基金会,887,27.70000076
漳州市吴惠天慈善基金会,700,福建省老龄事业发展基金会,888,33.70000076
爱佑慈善基金会,706,上海华爱公益基金会,9,24.70000076
爱佑慈善基金会,706,上海联劝公益基金会,50,32.79999924
爱佑慈善基金会,706,北京春晖博爱儿童救助公益基金会,276,39.70000076
爱佑慈善基金会,706,北京春苗儿童救助基金会,277,46.90000153
爱佑慈善基金会,706,广东省绿芽乡村妇女发展基金会,537,29.79999924
爱佑慈善基金会,706,浙江省人民教育基金会,735,33.70000076
爱佑慈善基金会,706,阜新市公安民警救助基金会,1004,33.70000076
爱德基金会,707,上海仁德基金会,5,29.79999924
爱德基金会,707,云南众筹爱国拥军基金会,137,24.70000076
爱德基金会,707,云南省扶贫基金会,148,82.90000153
爱德基金会,707,北京市思诚朝阳门社区基金会,249,27.70000076
爱德基金会,707,南京市栖霞区姚坊门慈善基金会,335,24.70000076
爱德基金会,707,广东省山海源慈善基金会,514,24.70000076
爱德基金会,707,广东省希贤教育基金会,516,24.70000076
爱德基金会,707,湖南省基督教信德基金会,825,49.29999924
爱德基金会,707,贵州省扶贫基金会,928,37
爱慕公益基金会,708,北京青少年发展基金会,318,36.70000076
珠海市禁毒基金会,711,广东省禁毒基金会,534,36.70000076
盐城市见义勇为基金会,717,东台市见义勇为基金会,59,39.70000076
盐城市见义勇为基金会,717,大丰市见义勇为基金会,408,39.70000076
盐城市见义勇为基金会,717,盐城市盐都区见义勇为基金会,868,39.70000076
石嘴山银行“爱心”基金会,719,宁夏青少年发展基金会,438,36.70000076
神华公益基金会,720,中国光华科技基金会,84,39.70000076
神华公益基金会,720,中国华侨公益基金会,89,32.79999924
神华公益基金会,720,中国煤矿尘肺病防治基金会,111,30.70000076
神华公益基金会,720,内蒙古社会扶贫基金会,173,36.70000076
神华公益基金会,720,江西省革命老区爱心基金会,683,31.89999962
神华公益基金会,720,河北省青少年发展基金会,696,38.79999924
福州市教育基金会,721,福州市人口福利基金会,874,47.79999924
福州市教育基金会,721,辽宁省辽宁石油化工大学教育发展基金会,956,45.70000076
福建喜盈门慈善基金会,722,福建省残疾人福利基金会,885,51.70000076
福建江夏慈善基金会,725,福州市人口福利基金会,874,47.79999924
福建省亚通助学助残基金会,726,福建省亚通助学助残基金会,878,50.79999924
福建省兴业慈善基金会,727,上海真爱梦想公益基金会,47,50.79999924
福建省同心慈善基金会,728,北京师范大学教育基金会,261,46.90000153
福建省安发高益槐科技教育发展基金会,729,上海同济大学教育发展基金会,11,48.70000076
福建省志愿服务基金会,730,四川省志愿服务基金会,399,51.70000076
福建省恒申慈善基金会,731,福建省青少年发展基金会,890,55.90000153
福建省扶贫基金会,732,福建省龙岩扶贫基金会,891,51.09999847
福建省潘振东教育基金会,733,中华思源工程扶贫基金会,70,30.70000076
福建省石竹慈善基金会,734,福建省少数民族发展基金会,883,53.79999924
福建省闽商文化发展基金会,735,北京大学教育基金会,228,48.70000076
福建省青少年发展基金会,736,中国青少年发展基金会,126,50.79999924
福建省青少年发展基金会,736,晋江市陈埭教育基金会,627,39.70000076
福建省青少年发展基金会,736,福建省泉州第五中学教育基金会,886,39.70000076
福建省黄仲咸教育基金会,737,厦门中山医院基金会,349,26.79999924
福建省黄仲咸教育基金会,737,福建省少数民族发展基金会,883,29.79999924
福建福海文教基金会,738,闽江学院教育发展基金会,1002,39.70000076
绍兴市柯桥区中厦慈善基金会,744,浙江省老年事业发展基金会,745,53.79999924
绵阳市教育基金会,745,绵阳市涪城区益生教育基金会,896,30.70000076
老牛基金会,760,中国扶贫基金会,102,34
老牛基金会,760,中国留学人才发展基金会,112,29.79999924
老牛基金会,760,中国癌症基金会,113,26.79999924
老牛基金会,760,中国绿色碳汇基金会,119,62.5
老牛基金会,760,内蒙古自治区儿童基金会,175,23.20000076
老牛基金会,760,北京大学教育基金会,228,24.70000076
老牛基金会,760,北京春晖博爱儿童救助公益基金会,276,26.79999924
老牛基金会,760,北京老牛兄妹公益基金会,304,30.70000076
老牛基金会,760,北京联益慈善基金会,305,27.70000076
老牛基金会,760,四川桃花源生态保护基金会,391,35.79999924
老牛基金会,760,援助西藏发展基金会,605,32.79999924
老牛基金会,760,深圳壹基金公益基金会,764,26.79999924
老牛基金会,760,辽宁省沈阳化工大学教育基金会,951,26.79999924
腾讯公益慈善基金会,762,上海市华东师范大学教育发展基金会,17,30.70000076
腾讯公益慈善基金会,762,上海真爱梦想公益基金会,47,37.90000153
腾讯公益慈善基金会,762,上海联劝公益基金会,50,32.79999924
腾讯公益慈善基金会,762,中华思源工程扶贫基金会,70,32.79999924
腾讯公益慈善基金会,762,中华社会救助基金会,73,34.90000153
腾讯公益慈善基金会,762,中国儿童少年基金会,83,32.79999924
腾讯公益慈善基金会,762,中国妇女发展基金会,98,36.70000076
腾讯公益慈善基金会,762,中国扶贫基金会,102,43.29999924
腾讯公益慈善基金会,762,中国文物保护基金会,107,27.70000076
腾讯公益慈善基金会,762,中国红十字基金会,117,35.79999924
腾讯公益慈善基金会,762,中国绿化基金会,118,24.70000076
腾讯公益慈善基金会,762,中国金融教育发展基金会,125,30.70000076
腾讯公益慈善基金会,762,云南省绿色环境发展基金会,152,30.70000076
腾讯公益慈善基金会,762,北京市企业家环保基金会,243,31.89999962
腾讯公益慈善基金会,762,北京市公安民警抚助基金会,246,33.70000076
腾讯公益慈善基金会,762,北京新阳光慈善基金会,274,35.79999924
腾讯公益慈善基金会,762,北京桂馨慈善基金会,282,27.70000076
腾讯公益慈善基金会,762,北京联益慈善基金会,305,24.70000076
腾讯公益慈善基金会,762,吉林省青少年发展基金会,372,30.70000076
腾讯公益慈善基金会,762,四川桃花源生态保护基金会,391,40.90000153
腾讯公益慈善基金会,762,宁波市善园公益基金会,441,24.70000076
腾讯公益慈善基金会,762,广东省中山大学教育发展基金会,493,30.70000076
腾讯公益慈善基金会,762,广东省妇女儿童基金会,512,32.79999924
腾讯公益慈善基金会,762,无锡灵山慈善基金会,619,39.70000076
腾讯公益慈善基金会,762,深圳壹基金公益基金会,764,47.20000076
腾讯公益慈善基金会,762,深圳市南方科技大学教育基金会,774,30.70000076
腾讯公益慈善基金会,762,深圳市志愿服务基金会,780,27.70000076
腾讯公益慈善基金会,762,深圳市明德实验教育基金会,784,50.79999924
腾讯公益慈善基金会,762,深圳市深圳大学教育发展基金会,786,38.79999924
腾讯公益慈善基金会,762,深圳市社会公益基金会,790,32.79999924
腾讯公益慈善基金会,762,深圳市警察基金会,796,24.70000076
腾讯公益慈善基金会,762,深圳市陈一丹公益慈善基金会,799,35.79999924
腾讯公益慈善基金会,762,爱佑慈善基金会,857,49.29999924
腾讯公益慈善基金会,762,爱德基金会,858,46.29999924
腾讯公益慈善基金会,762,贵州文化薪火乡村发展基金会,924,48.09999847
腾讯公益慈善基金会,762,重庆市青少年发展基金会,985,27.70000076
腾讯公益慈善基金会,762,重庆市青年志愿服务基金会,987,24.70000076
苏州和合文化基金会,764,云南省青少年发展基金会,154,42.70000076
苏州和合文化基金会,764,苏州市教育发展基金会,908,45.70000076
苏州市慈善基金会,766,苏州市姑苏区慈善基金会,906,45.70000076
苏州市教育发展基金会,767,中国教师发展基金会,103,48.70000076
苏州市见义勇为基金会,768,苏州市吴中区见义勇为基金会,904,42.70000076
苏州弘化社慈善基金会,769,上海慈慧公益基金会,37,42.70000076
营口市鲅鱼圈区慈善基金会,772,营口市鲅鱼圈区慈善基金会,911,45.70000076
衡东县教育基金会,773,衡阳市教育基金会,912,33.70000076
詹天佑科学技术发展基金会,776,北京市中华世纪坛艺术基金会,238,24.70000076
贵州文化薪火乡村发展基金会,778,上海真爱梦想公益基金会,47,51.70000076
贵州省大地公益基金会,779,中华思源工程扶贫基金会,70,51.70000076
贵州省宏立城公益基金会,780,贵州省同心光彩事业基金会,926,41.79999924
贵州省宏立城公益基金会,780,贵州省见义勇为基金会,933,30.70000076
贵州省宏立城公益基金会,780,贵州省贵阳市生态文明基金会,934,39.70000076
贵州省见义勇为基金会,781,贵州省毕节市见义勇为基金会,931,33.70000076
贵州省见义勇为基金会,781,贵州省贵阳市见义勇为基金会,935,36.70000076
贵州省青少年发展基金会,782,新疆维吾尔自治区青少年发展基金会,615,39.70000076
贵州省青少年发展基金会,782,苏州市青少年发展基金会,909,33.70000076
辽宁省公安民警英烈救助基金会,785,辽阳市公安民警救助基金会,961,27.70000076
辽宁省公安民警英烈救助基金会,785,阜新市公安民警救助基金会,1004,41.79999924
辽宁省教育基金会,786,辽宁省昌图县教育基金会,949,42.70000076
辽宁省教育基金会,786,鞍山市教育基金会,1040,49.90000153
辽宁省残疾人福利基金会,787,沈阳市残疾人福利基金会,686,43.90000153
辽宁省红十字基金会,788,辽宁省红十字基金会,953,53.79999924
辽源市正信法律援助基金会,790,辽源市平安基金会,959,51.70000076
邯郸市博爱公安英烈基金会,792,河北省公安民警英烈基金会,688,48.70000076
鄂尔多斯市人民教育基金会,796,达拉特旗人民教育基金会,962,44.79999924
重庆儿童救助基金会,797,重庆孤残儿童援助基金会,971,48.09999847
重庆光彩事业基金会,798,重庆市扶贫基金会,977,51.70000076
重庆市妇女儿童基金会,801,中国妇女发展基金会,98,50.79999924
重庆市妇女儿童基金会,801,重庆光彩事业基金会,969,36.70000076
重庆市教育发展基金会,802,重庆市南川区教育基金会,974,32.79999924
重庆市法律援助基金会,803,中国法律援助基金会,110,48.70000076
重庆市青少年发展基金会,804,重庆市青年志愿服务基金会,987,42.70000076
金龙鱼慈善公益基金会,806,上海交通大学教育发展基金会,4,42.70000076
金龙鱼慈善公益基金会,806,上海华东理工大学教育发展基金会,7,39.70000076
金龙鱼慈善公益基金会,806,北京大学教育基金会,228,39.70000076
金龙鱼慈善公益基金会,806,武汉市残疾人福利基金会,648,45.70000076
金龙鱼慈善公益基金会,806,营口市鲅鱼圈区慈善基金会,911,38.79999924
铁岭市公安民警救助基金会,807,辽宁省公安民警英烈救助基金会,943,45.70000076
锦州市公安民警救助基金会,808,辽宁省公安民警英烈救助基金会,943,42.70000076
镇江市见义勇为基金会,809,句容市见义勇为基金会,355,27.70000076
长沙市慈善基金会,811,宁乡县教育基金会,427,33.70000076
长沙市慈善基金会,811,湖南省宁乡一中教育基金会,827,27.70000076
长沙市教育基金会,812,宁乡县教育基金会,427,46.90000153
长沙市青少年发展基金会,813,湖南省湖湘文化基金会,840,33.70000076
长沙市青少年发展基金会,813,湖南省长沙市光彩事业基金会,847,42.70000076
长沙市青少年发展基金会,813,西藏青少年发展基金会,921,48.70000076
长沙市青少年发展基金会,813,长沙市体育发展基金会,997,42.70000076
闽都中小银行教育发展基金会,814,厦门外国语学校教育基金会,350,36.70000076
闽都中小银行教育发展基金会,814,尚德教育基金会,461,46.90000153
阿里巴巴公益基金会,815,北京市企业家环保基金会,243,49.90000153
阿里巴巴公益基金会,815,北京水源保护基金会,286,42.09999847
阿里巴巴公益基金会,815,北京自然之友公益基金会,306,35.79999924
阿里巴巴公益基金会,815,四川桃花源生态保护基金会,391,47.79999924
阿里巴巴公益基金会,815,山东环境保护基金会,463,27.70000076
阿里巴巴公益基金会,815,杭州市送温暖工程基金会,636,48.70000076
阿里巴巴公益基金会,815,浙江马云公益基金会,750,51.70000076
阿里巴巴公益基金会,815,深圳壹基金公益基金会,764,48.70000076
阿里巴巴公益基金会,815,清华大学教育基金会,802,48.70000076
阿里巴巴公益基金会,815,爱佑慈善基金会,857,57.09999847
阿里巴巴公益基金会,815,重庆宣传文化发展基金会,972,43.90000153
陈香梅公益基金会,818,上海市华侨事业发展基金会,18,45.70000076
陕西妇女儿童发展基金会,820,中国妇女发展基金会,98,36.70000076
陕西省残疾人福利基金会,821,宝鸡市残疾人福利基金会,458,46.90000153
陕西省残疾人福利基金会,821,延安市残疾人福利基金会,580,52.90000153
陕西省社会公益基金会,822,长安大学教育基金会,989,42.70000076
陕西美术事业发展基金会,823,陕西荣禾老年基金会,1020,45.70000076
陕西荣禾老年基金会,825,陕西美术事业发展基金会,1019,51.70000076
雅安市教育基金会,826,凉山州教育基金会,185,39.70000076
青岛市天泰公益基金会,827,深圳壹基金公益基金会,764,30.70000076
青岛市教育发展基金会,829,青岛大学教育发展基金会,1025,33.70000076
青海省天佑德教育基金会,830,中国青少年发展基金会,126,51.70000076
青海省天佑德教育基金会,830,北京大学教育基金会,228,47.79999924
青海省天佑德教育基金会,830,四川省青少年发展基金会,405,51.70000076
青海省天佑德教育基金会,830,青海省汇爱公益基金会,1034,51.70000076
青海省天佑德教育基金会,830,青海省青少年发展基金会,1037,42.70000076
韩美林艺术基金会,831,天津市冯骥才民间文化基金会,417,42.70000076
韩美林艺术基金会,831,清华大学教育基金会,802,48.70000076
顶新公益基金会,832,中国儿童少年基金会,83,42.70000076
顶新公益基金会,832,广州市残疾人福利基金会,559,33.70000076
顶新公益基金会,832,清华大学教育基金会,802,41.79999924
顶新公益基金会,832,重庆市教育发展基金会,978,52.90000153
顺丰公益基金会,833,中国扶贫基金会,102,48.70000076
顺丰公益基金会,833,天津中国民航大学教育发展基金会,413,30.70000076
顺丰公益基金会,833,爱佑慈善基金会,857,53.79999924
香江社会救助基金会,834,中国光彩事业基金会,85,44.20000076
香江社会救助基金会,834,中国妇女发展基金会,98,30.70000076
香江社会救助基金会,834,广东省志愿者事业发展基金会,521,44.79999924
香江社会救助基金会,834,广东省扶贫基金会,524,51.09999847
香江社会救助基金会,834,广东省环球公益基金会,533,32.79999924
香江社会救助基金会,834,深圳市九藤教育基金会,767,42.70000076
香江社会救助基金会,834,深圳市现代创新发展基金会,787,42.70000076
香江社会救助基金会,834,长沙市德兰光明慈善基金会,998,24.70000076
黄奕聪慈善基金会,851,上海市慈善基金会,24,40
黄奕聪慈善基金会,851,上海联劝公益基金会,50,27.70000076
黄奕聪慈善基金会,851,中国华侨公益基金会,89,30.70000076
黄奕聪慈善基金会,851,中国华文教育基金会,91,51.09999847
黄奕聪慈善基金会,851,云南华商公益基金会,138,41.79999924
黄奕聪慈善基金会,851,北京林业大学教育基金会,280,35.79999924
黄奕聪慈善基金会,851,北京柏年公益基金会,281,27.70000076
黄奕聪慈善基金会,851,南宁市教育基金会,342,45.09999847
黄奕聪慈善基金会,851,广东省暨南大学教育发展基金会,528,30.70000076
黄奕聪慈善基金会,851,广西青少年发展基金会,579,36.70000076
黑龙江省残疾人福利基金会,854,哈尔滨市南岗区残疾人福利基金会,382,52.29999924
黑龙江省残疾人福利基金会,854,哈尔滨市残疾人福利基金会,383,49
黑龙江省残疾人福利基金会,854,大庆市残疾人福利基金会,409,50.79999924
黑龙江省残疾人福利基金会,854,鸡西市残疾人福利基金会,1049,47.79999924
黑龙江省青少年发展基金会,855,黑龙江省东北林业大学教育发展基金会,1053,33.70000076
